Player,Team,Year,Service,Super2,Player Amt.,Team Amt.,Midpoint,Settled Amt.,Winner
Alfredo Aceves,Red Sox,2012,3.001,No,$1.600MM,$0.950MM,$1.275MM,$1.200MM,
Manny Acosta,Mets,2012,3.066,No,,,,$0.875MM,
Mike Adams,Rangers,2012,5.019,No,,,,$4.400MM,
Matt Albers,Red Sox,2012,4.141,No,,,,$1.075MM,
Robert Andino,Orioles,2012,3.094,No,$1.600MM,$1.000MM,$1.300MM,$1.300MM,
Elvis Andrus,Rangers,2012,3,No,$3.600MM,$2.650MM,$3.125MM,Extension,
Jose Arredondo,Reds,2012,2.168,Yes,$0.875MM,$0.725MM,$0.800MM,Extension,
Mike Aviles,Red Sox,2012,3.091,No,,,,$1.200MM,
Erick Aybar,Angels,2012,5.086,No,,,,$5.075MM,
Burke Badenhop,Rays,2012,3.116,No,,,,$1.075MM,
Andrew Bailey,Red Sox,2012,3,No,$4.700MM,$3.350MM,$4.025MM,$3.900MM,
Homer Bailey,Reds,2012,3.017,No,,,,$2.425MM,
Jeff Baker,Cubs,2012,5.049,No,,,,$1.375MM,
John Baker,Padres,2012,3.083,No,,,,$0.750MM,
Daniel Bard,Red Sox,2012,2.148,Yes,$1.825MM,$1.400MM,$1.613MM,$1.613MM,
Daric Barton,Athletics,2012,3.057,No,,,,$1.100MM,
Brad Bergesen,Orioles,2012,2.147,Yes,$1.200MM,$0.800MM,$1.000MM,$0.800MM,Team
Emilio Bonifacio,Marlins,2012,3.066,No,$2.200MM,$1.950MM,$2.075MM,$2.200MM,Player
Michael Bourn,Braves,2012,5.028,No,,,,$6.845MM,
Dallas Braden,Athletics,2012,4.039,No,,,,$3.350MM,
Bill Bray,Reds,2012,4.018,No,,,,$1.417MM,
Craig Breslow,Diamondbacks,2012,4.088,No,$2.100MM,$1.500MM,$1.800MM,$1.795MM,
Emmanuel Burriss,Giants,2012,2.152,Yes,,,,$0.625MM,
Asdrubal Cabrera,Indians,2012,4.027,No,$5.200MM,$3.750MM,$4.475MM,$4.550MM,
Melky Cabrera,Giants,2012,5.148,No,,,,$6.000MM,
Alberto Callaspo,Angels,2012,4.135,No,,,,$3.150MM,
Juan Carlos Oviedo,Marlins,2012,5.108,No,,,,$6.000MM,
Alexi Casilla,Twins,2012,4.038,No,$1.750MM,$1.065MM,$1.407MM,$1.383MM,
Santiago Casilla,Giants,2012,4.148,No,,,,$2.200MM,
Joba Chamberlain,Yankees,2012,4.055,No,,,,$1.675MM,
Shin-Soo Choo,Indians,2012,4.119,No,,,,$4.900MM,
Tyler Clippard,Nationals,2012,2.148,Yes,,,,$1.650MM,
Phil Coke,Tigers,2012,3.028,No,,,,$1.100MM,
Nelson Cruz,Rangers,2012,4.082,No,$7.500MM,$5.500MM,$6.500MM,Extension,
John Danks,White Sox,2012,5,No,,,,Extension,
Chris Denorfia,Padres,2012,4.041,No,,,,$1.165MM,
Joey Devine,Athletics,2012,4.069,No,,,,$0.738MM,
Blake DeWitt,Cubs,2012,3.048,No,,,,$1.100MM,
Jacoby Ellsbury,Red Sox,2012,4.037,No,,,,$8.050MM,
Andre Ethier,Dodgers,2012,5.153,No,,,,$10.950MM,
Dana Eveland,Orioles,2012,3.008,No,,,,$0.750MM,
Jesus Flores,Nationals,2012,4.079,No,,,,$0.815MM,
Mike Fontenot,Giants,2012,4.139,No,,,,$1.050MM,
Dexter Fowler,Rockies,2012,2.168,Yes,,,,$2.350MM,
Ben Francisco,Blue Jays,2012,4.049,No,,,,$1.538MM,
Brett Gardner,Yankees,2012,3.072,No,$3.200MM,$2.400MM,$2.800MM,$2.800MM,
Matt Garza,Cubs,2012,4.149,No,$12.500MM,$7.950MM,$10.225MM,$9.500MM,
Chris Getz,Royals,2012,3.05,No,,,,$0.968MM,
Carlos Gomez,Brewers,2012,4.141,No,,,,$1.962MM,
Gio Gonzalez,Nationals,2012,2.162,Yes,,,,Extension,
Alex Gordon,Royals,2012,4.092,No,$5.450MM,$4.150MM,$4.800MM,$4.775MM,
Tom Gorzelanny,Nationals,2012,4.16,No,,,,$3.000MM,
Luke Gregerson,Padres,2012,3,No,,,,$1.550MM,
Jason Grilli,Pirates,2012,5.016,No,,,,$1.100MM,
Jeremy Guthrie,Rockies,2012,5.13,No,$10.250MM,$7.250MM,$8.750MM,$8.200MM,
Tony Gwynn,Dodgers,2012,4.044,No,,,,Extension,
Cole Hamels,Phillies,2012,5.143,No,,,,$15.000MM,
Jack Hannahan,Indians,2012,3.065,No,,,,$1.135MM,
Joel Hanrahan,Pirates,2012,4.065,No,,,,$4.100MM,
J.A. Happ,Astros,2012,3.047,No,,,,$2.350MM,
Matt Harrison,Rangers,2012,3.083,No,$3.500MM,$2.450MM,$2.975MM,$2.950MM,
Chase Headley,Padres,2012,3.123,No,,,,$3.450MM,
Luke Hochevar,Royals,2012,3.151,No,,,,$3.510MM,
J.P. Howell,Rays,2012,5.007,No,,,,$1.350MM,
Phil Hughes,Yankees,2012,4.113,No,,,,$3.200MM,
Nick Hundley,Padres,2012,3.088,No,,,,$2.000MM,
Paul Janish,Reds,2012,3.064,No,,,,Unknown,
Casey Janssen,Blue Jays,2012,5.063,No,$2.200MM,$1.800MM,$2.000MM,Extension,
Jim Johnson,Orioles,2012,3.165,No,,,,$2.625MM,
Kelly Johnson,Blue Jays,2012,6.127,No,,,,$6.375MM,
Adam Jones,Orioles,2012,4.139,No,$7.400MM,$5.000MM,$6.200MM,$6.150MM,
Garrett Jones,Pirates,2012,2.158,Yes,$2.500MM,$2.250MM,$2.375MM,$2.250MM,Team
Jair Jurrjens,Braves,2012,4.047,No,,,,$5.500MM,
Jeff Karstens,Pirates,2012,4.132,No,,,,$3.100MM,
Shawn Kelley,Mariners,2012,2.16,Yes,,,,$0.600MM,
Don Kelly,Tigers,2012,2.149,Yes,,,,$0.900MM,
Matt Kemp,Dodgers,2012,5.049,No,,,,Extension,
Howie Kendrick,Angels,2012,5.091,No,,,,Extension,
Kyle Kendrick,Phillies,2012,3.159,No,,,,$3.585MM,
Clayton Kershaw,Dodgers,2012,3.105,No,$10.000MM,$6.500MM,$8.250MM,Extension,
George Kottaras,Brewers,2012,2.149,Yes,,,,$0.700MM,
John Lannan,Nationals,2012,4.011,No,$5.700MM,$5.000MM,$5.350MM,$5.000MM,Team
Brandon League,Mariners,2012,5.145,No,,,,$5.000MM,
Tim Lincecum,Giants,2012,4.148,No,$21.500MM,$17.000MM,$19.250MM,Extension,
Francisco Liriano,Twins,2012,5.104,No,,,,$5.500MM,
Jesse Litsch,Blue Jays,2012,4.098,No,,,,$0.975MM,
Kameron Loe,Brewers,2012,4.133,No,,,,$2.175MM,
Boone Logan,Yankees,2012,4.14,No,$2.100MM,$1.700MM,$1.900MM,$1.875MM,
James Loney,Dodgers,2012,5.012,No,,,,$6.375MM,
Mark Lowe,Rangers,2012,5.087,No,,,,$1.700MM,
Jed Lowrie,Astros,2012,3.111,No,$1.500MM,$0.900MM,$1.200MM,$1.150MM,
Mitch Maier,Royals,2012,3.071,No,,,,$0.865MM,
Shaun Marcum,Brewers,2012,5.128,No,$8.700MM,$6.750MM,$7.725MM,$7.725MM,
Russell Martin,Yankees,2012,5.15,No,$8.200MM,$7.000MM,$7.600MM,$7.500MM,
Nick Masset,Reds,2012,4.146,No,$2.900MM,$2.100MM,$2.500MM,Extension,
Justin Masterson,Indians,2012,3.108,No,,,,$3.825MM,
Jeff Mathis,Blue Jays,2012,5.012,No,,,,$1.500MM,
Brandon McCarthy,Athletics,2012,5.122,No,,,,$4.275MM,
Kyle McClellan,Cardinals,2012,4,No,,,,$2.500MM,
Casey McGehee,Pirates,2012,3.028,No,$2.725MM,$2.350MM,$2.538MM,$2.538MM,
Dustin McGowan,Blue Jays,2012,5.113,No,,,,$0.600MM,
Evan Meek,Pirates,2012,3.037,No,,,,$0.875MM,
Andrew Miller,Red Sox,2012,3.062,No,,,,$1.040MM,
Miguel Montero,Diamondbacks,2012,5.031,No,$6.800MM,$5.400MM,$6.100MM,$5.900MM,
Franklin Morales,Red Sox,2012,3.007,No,,,,$0.850MM,
Kendrys Morales,Angels,2012,4.057,No,,,,$2.975MM,
Nyjer Morgan,Brewers,2012,3.12,No,,,,$2.350MM,
Brandon Morrow,Blue Jays,2012,4.091,No,$4.200MM,$3.900MM,$4.050MM,Extension,
Mike Morse,Nationals,2012,4.114,No,$5.000MM,$3.500MM,$4.250MM,Extension,
Charlie Morton,Pirates,2012,3.01,No,,,,$2.445MM,
Dustin Moseley,Padres,2012,4.03,No,$2.550MM,$1.500MM,$2.025MM,$2.013MM,
Jason Motte,Cardinals,2012,3.027,No,$2.400MM,$1.500MM,$1.950MM,$1.950MM,
Edward Mujica,Marlins,2012,4.115,No,,,,$1.625MM,
David Murphy,Rangers,2012,4.087,No,,,,$3.625MM,
Donnie Murphy,Marlins,2012,3.075,No,,,,$0.560MM,
Mike Napoli,Rangers,2012,5.151,No,$11.500MM,$8.300MM,$9.900MM,$9.400MM,
Jeff Niemann,Rays,2012,3.022,No,$3.200MM,$2.750MM,$2.975MM,$2.750MM,Team
Darren O'Day,Orioles,2012,3.103,No,,,,$1.350MM,
Eric O'Flaherty,Braves,2012,4.062,No,,,,$2.490MM,
David Ortiz,Red Sox,2012,13.048,No,$16.500MM,$12.650MM,$14.575MM,$14.575MM,
Angel Pagan,Giants,2012,5.144,No,,,,$4.850MM,
Manny Parra,Brewers,2012,4.063,No,,,,$1.200MM,
Felipe Paulino,Royals,2012,3.163,No,,,,$1.900MM,
Mike Pelfrey,Mets,2012,4.122,No,,,,$5.675MM,
Brayan Pena,Royals,2012,4.081,No,,,,$0.875MM,
Hunter Pence,Phillies,2012,4.156,No,$11.800MM,$9.000MM,$10.400MM,$10.400MM,
Joel Peralta,Rays,2012,5.132,No,,,,$2.175MM,
Chris Perez,Indians,2012,3.136,No,,,,$4.500MM,
Rafael Perez,Indians,2012,4.157,No,$2.400MM,$1.600MM,$2.000MM,$2.005MM,
Glen Perkins,Twins,2012,4.01,No,,,,$1.550MM,
Rick Porcello,Tigers,2012,2.17,Yes,,,,$3.100MM,
Landon Powell,Athletics,2012,2.153,Yes,,,,$0.620MM,
Martin Prado,Braves,2012,4.105,No,,,,$4.750MM,
David Price,Rays,2012,2.164,Yes,,,,$4.350MM,
Carlos Quentin,Padres,2012,5.065,No,,,,$7.025MM,
Humberto Quintero,Astros,2012,5.141,No,,,,$1.000MM,
Ramon Ramirez,Mets,2012,5.113,No,,,,$2.650MM,
Colby Rasmus,Blue Jays,2012,3,No,,,,$2.700MM,
Chris Resop,Pirates,2012,3.038,No,,,,$0.850MM,
Clayton Richard,Padres,2012,3.07,No,$3.100MM,$2.350MM,$2.725MM,$2.705MM,
Ryan Roberts,Diamondbacks,2012,2.15,Yes,$2.275MM,$1.650MM,$1.962MM,$2.013MM,
David Robertson,Yankees,2012,3.07,No,,,,$1.600MM,
Francisco Rodriguez,Brewers,2012,8.15,No,,,,$8.000MM,
Sergio Romo,Giants,2012,3.097,No,$1.750MM,$1.300MM,$1.525MM,$1.575MM,
Adam Rosales,Athletics,2012,2.171,Yes,,,,$0.600MM,
Jarrod Saltalamacchia,Red Sox,2012,4.043,No,,,,$2.500MM,
Jonathan Sanchez,Royals,2012,5.071,No,,,,$5.600MM,
Anibal Sanchez,Marlins,2012,5.099,No,$8.000MM,$6.900MM,$7.450MM,$8.000MM,Player
Pablo Sandoval,Giants,2012,3.047,No,$4.250MM,$3.000MM,$3.625MM,Extension,
Max Scherzer,Tigers,2012,3.079,No,,,,$3.750MM,
Nate Schierholtz,Giants,2012,3.078,No,,,,$1.300MM,
Skip Schumaker,Cardinals,2012,5.051,No,,,,Extension,
Kevin Slowey,Indians,2012,4.053,No,,,,$2.750MM,
Joe Smith,Indians,2012,4.091,No,,,,$1.750MM,
Seth Smith,Rockies,2012,3.119,No,,,,$2.415MM,
Geovany Soto,Cubs,2012,4.096,No,,,,$4.300MM,
Tim Stauffer,Padres,2012,4.007,No,,,,$3.200MM,
Ian Stewart,Cubs,2012,3.05,No,,,,$2.237MM,
Ryan Sweeney,Red Sox,2012,4.053,No,,,,$1.750MM,
Joe Thatcher,Padres,2012,3.068,No,,,,$0.700MM,
Andres Torres,Mets,2012,4.115,No,,,,$2.700MM,
"Melvin Upton, Jr.",Rays,2012,5.126,No,,,,$7.000MM,
Wilson Valdez,Reds,2012,3.096,No,,,,$0.930MM,
Jason Vargas,Mariners,2012,4.114,No,,,,$4.850MM,
Will Venable,Padres,2012,2.155,Yes,,,,$1.475MM,
Jose Veras,Brewers,2012,4.128,No,$2.375MM,$2.000MM,$2.188MM,$2.000MM,Team
Carlos Villanueva,Blue Jays,2012,5.03,No,,,,$2.277MM,
Ryan Vogelsong,Giants,2012,5.02,No,,,,Extension,
Edinson Volquez,Padres,2012,4.059,No,,,,$2.237MM,
Chris Volstad,Cubs,2012,3.076,No,,,,$2.655MM,
Randy Wells,Cubs,2012,3.016,No,,,,$2.705MM,
Jerome Williams,Angels,2012,3.049,No,,,,$0.820MM,
Delmon Young,Tigers,2012,5.034,No,,,,$6.750MM,
Brad Ziegler,Diamondbacks,2012,3.122,No,$1.945MM,$1.460MM,$1.702MM,$1.795MM,
Jordan Zimmermann,Nationals,2012,2.154,Yes,,,,$2.300MM,
Tony Abreu,Giants,2014,3.17,No,,,,$0.745MM,
Al Alburquerque,Tigers,2014,2.147,Yes,,,,$0.838MM,
Pedro Alvarez,Pirates,2014,3.085,No,,,,$4.250MM,
Joaquin Arias,Giants,2014,4.071,No,$1.500MM,$1.100MM,$1.300MM,Extension,
Alex Avila,Tigers,2014,4.061,No,$5.350MM,$3.750MM,$4.550MM,$4.150MM,
Burke Badenhop,Red Sox,2014,5.116,No,,,,$2.150MM,
Homer Bailey,Reds,2014,5.017,No,$11.600MM,$8.700MM,$10.150MM,Extension,
Darwin Barney,Cubs,2014,3.053,No,$2.800MM,$1.800MM,$2.300MM,$2.300MM,
Daric Barton,Athletics,2014,4.03,No,,,,$1.250MM,
Antonio Bastardo,Phillies,2014,4.054,No,$2.500MM,$1.675MM,$2.087MM,$2.000MM,
Mike Baxter,Dodgers,2014,2.129,Yes,,,,$0.700MM,
Brandon Beachy,Braves,2014,3.014,No,,,,$1.450MM,
Gordon Beckham,White Sox,2014,4.123,No,,,,$4.175MM,
Brandon Belt,Giants,2014,2.128,Yes,$3.600MM,$2.050MM,$2.825MM,$2.900MM,
Gregor Blanco,Giants,2014,3.164,No,,,,$2.525MM,
Kyle Blanks,Padres,2014,4.032,No,,,,$0.988MM,
Jerry Blevins,Nationals,2014,4.081,No,,,,$1.675MM,
Emilio Bonifacio,Royals,2014,5.066,No,,,,$3.500MM,
Peter Bourjos,Cardinals,2014,3.062,No,,,,$1.200MM,
Michael Brantley,Indians,2014,3.131,No,$3.800MM,$2.700MM,$3.250MM,Extension,
Drew Butera,Dodgers,2014,3.018,No,,,,$0.700MM,
Everth Cabrera,Padres,2014,3.144,No,,,,$2.450MM,
Mike Carp,Red Sox,2014,3.01,No,,,,$1.400MM,
Andrew Cashner,Padres,2014,3.126,No,$2.400MM,$2.275MM,$2.337MM,$2.400MM,Player
Jason Castro,Astros,2014,3.104,No,,,,$2.450MM,
Brett Cecil,Blue Jays,2014,3.152,No,,,,$1.300MM,
Francisco Cervelli,Yankees,2014,3.146,No,,,,$0.700MM,
Aroldis Chapman,Reds,2014,3.034,No,$5.400MM,$4.600MM,$5.000MM,$5.000MM,
Jesse Chavez,Athletics,2014,3.108,No,,,,$0.775MM,
Steve Cishek,Marlins,2014,2.143,Yes,,,,$3.800MM,
Tyler Clippard,Nationals,2014,4.148,No,$6.350MM,$4.450MM,$5.400MM,$5.875MM,
Phil Coke,Tigers,2014,5.028,No,,,,$1.900MM,
Tim Collins,Royals,2014,3,No,,,,$1.363MM,
Josh Collmenter,Diamondbacks,2014,3,No,,,,Extension,
Neal Cotts,Rangers,2014,5.041,No,,,,$2.200MM,
Aaron Crow,Royals,2014,3,No,$1.700MM,$1.280MM,$1.490MM,$1.475MM,
Chris Davis,Orioles,2014,4.061,No,,,,$10.350MM,
Ike Davis,Mets,2014,3.155,No,,,,$3.500MM,
Alejandro de Aza,White Sox,2014,4.139,No,,,,$4.250MM,
Daniel Descalso,Cardinals,2014,3.016,No,$1.650MM,$0.930MM,$1.290MM,$1.290MM,
Ian Desmond,Nationals,2014,4.027,No,,,,Extension,
Ross Detwiler,Nationals,2014,4.002,No,,,,$3.000MM,
Andy Dirks,Tigers,2014,2.139,Yes,,,,$1.625MM,
Lucas Duda,Mets,2014,2.137,Yes,$1.900MM,$1.350MM,$1.625MM,$1.637MM,
Brian Duensing,Twins,2014,4.104,No,,,,$2.000MM,
Michael Dunn,Marlins,2014,3.079,No,,,,$1.400MM,
Scott Elbert,Dodgers,2014,3.069,No,,,,$0.575MM,
A.J. Ellis,Dodgers,2014,3.151,No,$4.600MM,$3.000MM,$3.800MM,$3.550MM,
Marco Estrada,Brewers,2014,4.035,No,,,,$3.325MM,
Neftali Feliz,Rangers,2014,4.064,No,,,,$3.000MM,
Doug Fister,Nationals,2014,4.058,No,$8.500MM,$5.750MM,$7.125MM,$7.200MM,
Tyler Flowers,White Sox,2014,2.148,Yes,,,,$0.950MM,
Juan Francisco,Brewers,2014,2.156,Yes,,,,$1.350MM,
Kevin Frandsen,Phillies,2014,4.151,No,,,,$0.900MM,
Freddie Freeman,Braves,2014,3.033,No,$5.750MM,$4.500MM,$5.125MM,Extension,
David Freese,Angels,2014,4.028,No,$6.000MM,$4.100MM,$5.050MM,$5.050MM,
Ernesto Frieri,Angels,2014,3.101,No,,,,$3.800MM,
Brett Gardner,Yankees,2014,5.072,No,,,,$5.600MM,
Dillon Gee,Mets,2014,3.028,No,$4.050MM,$3.200MM,$3.625MM,$3.625MM,
Craig Gentry,Athletics,2014,3.084,No,,,,$1.145MM,
Luke Gregerson,Athletics,2014,5,No,,,,$5.065MM,
Jesus Guzman,Astros,2014,2.151,Yes,,,,$1.300MM,
Ryan Hanigan,Rays,2014,5.077,No,,,,Extension,
Brett Hayes,Royals,2014,3.017,No,,,,$0.630MM,
Chase Headley,Padres,2014,5.123,No,,,,$10.525MM,
Chris Heisey,Reds,2014,3.157,No,,,,$1.760MM,
Jeremy Hellickson,Rays,2014,3.045,No,,,,$3.625MM,
Jonathan Herrera,Rockies,2014,4.001,No,,,,$1.300MM,
Frank Herrmann,Indians,2014,2.147,Yes,,,,$0.560MM,
Jason Heyward,Braves,2014,4,No,$5.500MM,$5.200MM,$5.350MM,Extension,
Luke Hochevar,Royals,2014,5.151,No,,,,$5.210MM,
Greg Holland,Royals,2014,3.028,No,$5.200MM,$4.100MM,$4.650MM,$4.675MM,
Eric Hosmer,Royals,2014,2.146,Yes,,,,$3.600MM,
Tommy Hunter,Orioles,2014,4.066,No,,,,$3.000MM,
Austin Jackson,Tigers,2014,4,No,,,,$6.000MM,
Kenley Jansen,Dodgers,2014,3.073,No,$5.050MM,$3.500MM,$4.275MM,$4.300MM,
John Jaso,Athletics,2014,4.032,No,,,,$2.300MM,
Jon Jay,Cardinals,2014,3.134,No,,,,$3.250MM,
Kevin Jepsen,Angels,2014,3.163,No,$1.625MM,$1.300MM,$1.462MM,$1.462MM,
Chris Johnson,Braves,2014,3.144,No,,,,$4.750MM,
Jim Johnson,Athletics,2014,5.165,No,,,,$10.000MM,
Matt Joyce,Rays,2014,4.123,No,,,,$3.700MM,
Shawn Kelley,Yankees,2014,4.128,No,,,,$1.765MM,
Don Kelly,Tigers,2014,4.138,No,,,,$1.000MM,
Kyle Kendrick,Phillies,2014,5.159,No,,,,$7.675MM,
Ian Kennedy,Padres,2014,4.124,No,,,,$6.100MM,
Clayton Kershaw,Dodgers,2014,5.105,No,,,,Extension,
Craig Kimbrel,Braves,2014,3.066,No,$9.000MM,$6.550MM,$7.775MM,Extension,
George Kottaras,Cubs,2014,4.149,No,,,,$1.075MM,
Mike Leake,Reds,2014,4,No,,,,$5.925MM,
Sam LeCure,Reds,2014,3.072,No,,,,Extension,
Jose Lobaton,Rays,2014,2.138,Yes,,,,$0.900MM,
Wilton Lopez,Rockies,2014,4.038,No,,,,$2.200MM,
Jed Lowrie,Athletics,2014,5.111,No,,,,$5.250MM,
Justin Masterson,Indians,2014,5.108,No,$11.800MM,$8.050MM,$9.925MM,$9.762MM,
Brian Matusz,Orioles,2014,3.156,No,,,,$2.400MM,
Justin Maxwell,Royals,2014,3.066,No,$1.700MM,$1.075MM,$1.387MM,$1.325MM,
John Mayberry,Phillies,2014,3.095,No,,,,$1.587MM,
Vin Mazzaro,Pirates,2014,3.021,No,,,,$0.950MM,
Jake McGee,Rays,2014,2.127,Yes,,,,$1.450MM,
Kris Medlen,Braves,2014,4.137,No,,,,$5.800MM,
Mark Melancon,Pirates,2014,3.098,No,,,,$2.595MM,
Andrew Miller,Red Sox,2014,5.062,No,$2.150MM,$1.550MM,$1.850MM,$1.900MM,
Mike Minor,Braves,2014,2.138,Yes,,,,$3.850MM,
Franklin Morales,Rockies,2014,5.007,No,,,,$1.725MM,
Mitch Moreland,Rangers,2014,3.067,No,$3.250MM,$2.025MM,$2.638MM,$2.650MM,
Logan Morrison,Mariners,2014,3.069,No,$2.500MM,$1.100MM,$1.800MM,$1.750MM,
Charlie Morton,Pirates,2014,5.01,No,,,,Extension,
Brandon Moss,Athletics,2014,3.16,No,,,,$4.100MM,
Daniel Murphy,Mets,2014,4.109,No,,,,$5.700MM,
Donnie Murphy,Cubs,2014,4.101,No,,,,$0.825MM,
Juan Nicasio,Rockies,2014,2.124,Yes,,,,$2.025MM,
Bud Norris,Orioles,2014,4.068,No,,,,$5.300MM,
Ivan Nova,Yankees,2014,3.024,No,,,,$3.300MM,
Alexi Ogando,Rangers,2014,3.114,No,,,,$2.625MM,
Ross Ohlendorf,Nationals,2014,4.17,No,,,,$1.250MM,
Josh Outman,Indians,2014,4.036,No,,,,$1.250MM,
Bobby Parnell,Mets,2014,4.132,No,,,,$3.700MM,
Gerardo Parra,Diamondbacks,2014,4.145,No,$5.200MM,$4.300MM,$4.750MM,$4.850MM,
Troy Patton,Orioles,2014,3.15,No,,,,$1.275MM,
Steve Pearce,Orioles,2014,4.116,No,,,,$0.700MM,
Ramiro Pena,Braves,2014,3.089,No,,,,$0.550MM,
Vinnie Pestano,Indians,2014,2.16,Yes,$1.450MM,$0.975MM,$1.212MM,$0.975MM,Team
Yusmeiro Petit,Giants,2014,3.016,No,,,,$0.845MM,
Trevor Plouffe,Twins,2014,2.162,Yes,,,,$2.350MM,
Rick Porcello,Tigers,2014,4.17,No,,,,$8.500MM,
David Price,Rays,2014,4.164,No,,,,$14.000MM,
Cesar Ramos,Rays,2014,3.003,No,,,,$0.750MM,
Wilson Ramos,Nationals,2014,3.047,No,,,,$2.095MM,
Colby Rasmus,Blue Jays,2014,5,No,,,,$7.000MM,
Josh Reddick,Athletics,2014,3.05,No,$3.250MM,$2.000MM,$2.625MM,$2.700MM,
Nolan Reimold,Orioles,2014,4.004,No,,,,$1.025MM,
Ben Revere,Phillies,2014,2.149,Yes,$2.425MM,$1.400MM,$1.913MM,$1.950MM,
Matt Reynolds,Diamondbacks,2014,3.046,No,,,,$0.550MM,
David Robertson,Yankees,2014,5.07,No,,,,$5.215MM,
Fernando Rodriguez,Athletics,2014,2.142,Yes,,,,$0.600MM,
Sean Rodriguez,Rays,2014,4.133,No,,,,$1.475MM,
Esmil Rogers,Blue Jays,2014,3.135,No,,,,$1.850MM,
Adam Rosales,Rangers,2014,4.099,No,,,,$0.750MM,
Tyson Ross,Padres,2014,2.126,Yes,,,,$1.980MM,
Justin Ruggiano,Cubs,2014,3.019,No,$2.450MM,$1.600MM,$2.025MM,$2.000MM,
James Russell,Cubs,2014,4,No,,,,$1.775MM,
Marc Rzepczynski,Indians,2014,3.132,No,,,,$1.375MM,
Fernando Salas,Angels,2014,3.048,No,,,,$0.870MM,
Jeff Samardzija,Cubs,2014,4.028,No,$6.200MM,$4.400MM,$5.300MM,$5.345MM,
Gaby Sanchez,Pirates,2014,4.025,No,,,,$2.300MM,
Michael Saunders,Mariners,2014,3.138,No,,,,$2.300MM,
Jordan Schafer,Braves,2014,3.121,No,,,,$1.090MM,
Max Scherzer,Tigers,2014,5.079,No,,,,$15.525MM,
Nate Schierholtz,Cubs,2014,5.078,No,,,,$5.000MM,
Alfredo Simon,Reds,2014,4.142,No,,,,$1.500MM,
Seth Smith,Padres,2014,5.119,No,,,,$4.500MM,
Justin Smoak,Mariners,2014,3.113,No,$3.250MM,$2.025MM,$2.638MM,$2.638MM,
Travis Snider,Pirates,2014,3.091,No,,,,$1.200MM,
Giancarlo Stanton,Marlins,2014,3.118,No,,,,$6.500MM,
Tim Stauffer,Padres,2014,5.143,No,,,,$1.600MM,
Chris Stewart,Pirates,2014,3.091,No,,,,$0.515MM,
Drew Storen,Nationals,2014,3.14,No,,,,$3.450MM,
Stephen Strasburg,Nationals,2014,3.118,No,,,,$3.975MM,
Pedro Strop,Cubs,2014,2.156,Yes,,,,$1.325MM,
Drew Stubbs,Rockies,2014,4.047,No,,,,$4.100MM,
Eric Stults,Padres,2014,3.075,No,,,,$2.750MM,
Anthony Swarzak,Twins,2014,3.038,No,,,,$0.935MM,
Junichi Tazawa,Red Sox,2014,3.086,No,,,,$1.275MM,
Ruben Tejada,Mets,2014,2.171,Yes,,,,$1.100MM,
Joe Thatcher,Diamondbacks,2014,5.068,No,,,,$2.375MM,
Josh Tomlin,Indians,2014,3.069,No,$0.975MM,$0.800MM,$0.887MM,$0.800MM,Team
Mark Trumbo,Diamondbacks,2014,3.027,No,$5.850MM,$3.400MM,$4.625MM,$4.800MM,
Luis Valbuena,Cubs,2014,3.148,No,,,,$1.710MM,
Jonny Venters,Braves,2014,4,No,,,,$1.625MM,
Dayan Viciedo,White Sox,2014,2.123,Yes,,,,$2.800MM,
Jordan Walden,Braves,2014,3.043,No,,,,$1.490MM,
Neil Walker,Pirates,2014,3.166,No,,,,$5.750MM,
Matt Wieters,Orioles,2014,4.129,No,$8.750MM,$6.500MM,$7.625MM,$7.700MM,
Blake Wood,Indians,2014,3.108,No,,,,$0.560MM,
Travis Wood,Cubs,2014,3.004,No,$4.250MM,$3.500MM,$3.875MM,$3.900MM,
Eric Young,Mets,2014,3.123,No,,,,$1.850MM,
Brad Ziegler,Diamondbacks,2014,5.122,No,,,,Extension,
Jordan Zimmermann,Nationals,2014,4.154,No,,,,Extension,
Fernando Abad,Athletics,2015,3.073,No,$1.225MM,$0.850MM,$1.038MM,$1.087MM,
Dustin Ackley,Mariners,2015,3.087,No,,,,$2.600MM,
Al Alburquerque,Tigers,2015,3.147,No,$2.050MM,$1.375MM,$1.712MM,$1.725MM,
Yonder Alonso,Padres,2015,3.116,No,,,,$1.650MM,
Henderson Alvarez,Marlins,2015,3.051,No,,,,$4.000MM,
Pedro Alvarez,Pirates,2015,4.085,No,$5.750MM,$5.250MM,$5.500MM,$5.750MM,Player
Alexi Amarista,Padres,2015,3.053,No,,,,Extension,
Jake Arrieta,Cubs,2015,3.145,No,,,,$3.630MM,
Darwin Barney,Dodgers,2015,4.053,No,,,,$2.525MM,
Antonio Bastardo,Pirates,2015,5.054,No,,,,$3.100MM,
Brandon Belt,Giants,2015,3.128,No,$4.500MM,$3.000MM,$3.750MM,$3.600MM,
Gregor Blanco,Giants,2015,4.164,No,$4.000MM,$3.300MM,$3.650MM,Extension,
Jerry Blevins,Nationals,2015,5.081,No,$2.400MM,$2.200MM,$2.300MM,$2.400MM,Player
Peter Bourjos,Cardinals,2015,4.062,No,,,,$1.650MM,
Zach Britton,Orioles,2015,2.158,Yes,$4.200MM,$2.200MM,$3.200MM,$3.200MM,
Rex Brothers,Rockies,2015,3.117,No,,,,$1.400MM,
Domonic Brown,Phillies,2015,3.078,No,,,,$2.600MM,
Drew Butera,Angels,2015,4.018,No,,,,$0.987MM,
Lorenzo Cain,Royals,2015,3.074,No,$3.600MM,$2.000MM,$2.800MM,$2.725MM,
David Carpenter,Yankees,2015,3.016,No,,,,$1.300MM,
Carlos Carrasco,Indians,2015,3.147,No,,,,$2.337MM,
Chris Carter,Astros,2015,2.159,Yes,,,,$4.175MM,
Andrew Cashner,Padres,2015,4.126,No,,,,$4.050MM,
Welington Castillo,Cubs,2015,3.009,No,,,,$2.100MM,
Jason Castro,Astros,2015,4.104,No,,,,$4.000MM,
Brett Cecil,Blue Jays,2015,4.152,No,,,,$2.475MM,
Francisco Cervelli,Pirates,2015,4.146,No,,,,$0.988MM,
Jhoulys Chacin,Rockies,2015,5.012,No,,,,$5.500MM,
Aroldis Chapman,Reds,2015,4.034,No,$8.700MM,$6.650MM,$7.675MM,$8.050MM,
Tyler Chatwood,Rockies,2015,3.039,No,,,,Extension,
Jesse Chavez,Athletics,2015,4.108,No,,,,$2.150MM,
Lonnie Chisenhall,Indians,2015,3.027,No,,,,$2.250MM,
Steve Cishek,Marlins,2015,3.143,No,,,,$6.650MM,
Tyler Clippard,Athletics,2015,5.148,No,$8.850MM,$7.775MM,$8.312MM,$8.300MM,
Alex Cobb,Rays,2015,3.061,No,,,,$4.000MM,
Chris Coghlan,Cubs,2015,4.148,No,,,,$2.505MM,
Louis Coleman,Royals,2015,2.162,Yes,,,,$0.725MM,
Tim Collins,Royals,2015,3.097,No,,,,$1.475MM,
Hank Conger,Astros,2015,3.051,No,,,,$1.075MM,
Ryan Cook,Athletics,2015,3.036,No,,,,$1.400MM,
Carlos Corporan,Astros,2015,3.019,No,,,,$0.975MM,
Collin Cowgill,Angels,2015,2.151,Yes,,,,$0.995MM,
Zack Cozart,Reds,2015,3.084,No,,,,$2.350MM,
Brandon Crawford,Giants,2015,3.094,No,$3.950MM,$2.400MM,$3.175MM,$3.175MM,
Aaron Crow,Marlins,2015,4,No,,,,$1.975MM,
Tony Cruz,Cardinals,2015,3.105,No,,,,$0.775MM,
Chris Davis,Orioles,2015,5.061,No,,,,$12.000MM,
Ike Davis,Athletics,2015,4.155,No,,,,$3.800MM,
Alejandro de Aza,Orioles,2015,5.139,No,$5.650MM,$5.000MM,$5.325MM,$5.000MM,Team
Ross Detwiler,Rangers,2015,5.002,No,,,,$3.450MM,
Josh Donaldson,Blue Jays,2015,2.158,Yes,$5.750MM,$4.300MM,$5.025MM,$4.300MM,Team
Felix Doubront,Cubs,2015,3.12,No,,,,$1.925MM,
Lucas Duda,Mets,2015,3.137,No,$4.700MM,$3.750MM,$4.225MM,$4.200MM,
Brian Duensing,Twins,2015,5.104,No,$3.100MM,$2.400MM,$2.750MM,$2.700MM,
Danny Duffy,Royals,2015,3.085,No,$3.000MM,$1.750MM,$2.375MM,$2.425MM,
Michael Dunn,Marlins,2015,4.079,No,$2.600MM,$2.355MM,$2.478MM,Extension,
Jarrod Dyson,Royals,2015,3.088,No,$1.600MM,$0.900MM,$1.250MM,$1.225MM,
A.J. Ellis,Dodgers,2015,4.151,No,,,,$4.250MM,
Nate Eovaldi,Yankees,2015,3.013,No,,,,$3.300MM,
Danny Espinosa,Nationals,2015,3.113,No,,,,$1.800MM,
Marco Estrada,Blue Jays,2015,5.035,No,,,,$3.900MM,
Neftali Feliz,Rangers,2015,4.151,No,,,,$4.125MM,
Casey Fien,Twins,2015,2.143,Yes,,,,$1.375MM,
Doug Fister,Nationals,2015,5.058,No,,,,$11.400MM,
Ryan Flaherty,Orioles,2015,3,No,$1.500MM,$0.900MM,$1.200MM,$1.075MM,
Tyler Flowers,White Sox,2015,3.148,No,,,,$2.675MM,
Logan Forsythe,Rays,2015,3.113,No,,,,$1.100MM,
Dexter Fowler,Astros,2015,5.168,No,$10.800MM,$8.500MM,$9.650MM,$9.500MM,
Kevin Frandsen,Nationals,2015,5.151,No,,,,$1.000MM,
Todd Frazier,Reds,2015,3.071,No,$5.700MM,$3.900MM,$4.800MM,Extension,
David Freese,Angels,2015,5.028,No,$7.600MM,$5.250MM,$6.425MM,$6.425MM,
Sam Fuld,Athletics,2015,4.14,No,,,,$1.750MM,
Charlie Furbush,Mariners,2015,3.121,No,,,,$1.300MM,
Dillon Gee,Mets,2015,4.028,No,,,,$5.300MM,
Craig Gentry,Athletics,2015,4.084,No,,,,$1.600MM,
Marwin Gonzalez,Astros,2015,2.133,Yes,$1.400MM,$0.900MM,$1.150MM,$1.062MM,
Miguel Gonzalez,Orioles,2015,3.095,No,$3.950MM,$2.500MM,$3.225MM,$3.275MM,
Dee Gordon,Marlins,2015,2.154,Yes,,,,$2.500MM,
Javy Guerra,White Sox,2015,2.133,Yes,,,,$0.938MM,
Bryce Harper,Nationals,2015,2.159,Yes,,,,Extension,
Josh Harrison,Pirates,2015,3.033,No,,,,$2.800MM,
Chris Heisey,Dodgers,2015,4.157,No,,,,$2.160MM,
Jeremy Hellickson,Diamondbacks,2015,4.045,No,,,,$4.275MM,
David Hernandez,Diamondbacks,2015,5.095,No,,,,$2.000MM,
Kelvin Herrera,Royals,2015,2.157,Yes,$1.900MM,$1.150MM,$1.525MM,Extension,
Greg Holland,Royals,2015,4.028,No,$9.000MM,$6.650MM,$7.825MM,$8.250MM,
Eric Hosmer,Royals,2015,3.146,No,$6.700MM,$4.600MM,$5.650MM,Extension,
Jared Hughes,Pirates,2015,2.162,Yes,,,,$1.075MM,
Tommy Hunter,Orioles,2015,5.066,No,,,,$4.650MM,
Travis Ishikawa,Giants,2015,4.012,No,,,,$1.100MM,
Austin Jackson,Mariners,2015,5,No,,,,$7.700MM,
Kenley Jansen,Dodgers,2015,4.073,No,,,,$7.400MM,
John Jaso,Rays,2015,5.032,No,,,,$3.175MM,
Jon Jay,Cardinals,2015,4.134,No,$5.000MM,$4.100MM,$4.550MM,Extension,
Desmond Jennings,Rays,2015,3.101,No,,,,$3.100MM,
Kevin Jepsen,Angels,2015,4.163,No,,,,$3.025MM,
Cesar Jimenez,Phillies,2015,3.02,No,,,,Unknown,
Nate Jones,White Sox,2015,3,No,,,,$0.660MM,
Matt Joyce,Angels,2015,5.123,No,$5.200MM,$4.200MM,$4.700MM,$4.750MM,
Shawn Kelley,Padres,2015,5.128,No,,,,$2.835MM,
Ian Kennedy,Padres,2015,5.124,No,,,,$9.850MM,
Brandon Kintzler,Brewers,2015,3.101,No,,,,$1.075MM,
Mat Latos,Marlins,2015,5.079,No,$10.400MM,$9.400MM,$9.900MM,$9.400MM,Team
Brett Lawrie,Athletics,2015,3.055,No,,,,$1.925MM,
Mike Leake,Reds,2015,5,No,,,,$9.775MM,
Jose Lobaton,Nationals,2015,3.138,No,,,,$1.200MM,
Jordan Lyles,Rockies,2015,3.06,No,,,,$2.475MM,
Lance Lynn,Cardinals,2015,3.119,No,,,,Extension,
Martin Maldonado,Brewers,2015,2.156,Yes,,,,Extension,
J.D. Martinez,Tigers,2015,3.036,No,,,,$3.000MM,
Brian Matusz,Orioles,2015,4.156,No,,,,$3.200MM,
Jake McGee,Rays,2015,3.127,No,,,,$3.550MM,
Casey McGehee,Giants,2015,5.028,No,$5.400MM,$4.000MM,$4.700MM,$4.800MM,
Michael McKenry,Rockies,2015,3.097,No,,,,$1.088MM,
Jenrry Mejia,Mets,2015,2.14,Yes,$3.000MM,$2.100MM,$2.550MM,$2.595MM,
Mark Melancon,Pirates,2015,4.098,No,,,,$5.400MM,
Devin Mesoraco,Reds,2015,3.028,No,$3.600MM,$2.450MM,$3.025MM,Extension,
Wade Miley,Red Sox,2015,3.044,No,$4.300MM,$3.400MM,$3.850MM,Extension,
Tom Milone,Twins,2015,2.165,Yes,,,,$2.775MM,
Mike Minor,Braves,2015,3.138,No,$5.600MM,$5.100MM,$5.350MM,$5.600MM,Player
Mitch Moreland,Rangers,2015,4.067,No,$3.350MM,$2.750MM,$3.050MM,$2.950MM,
Logan Morrison,Mariners,2015,4.069,No,,,,$2.725MM,
Brandon Moss,Indians,2015,4.16,No,,,,$6.500MM,
Mike Moustakas,Royals,2015,3.111,No,$3.100MM,$1.850MM,$2.475MM,$2.640MM,
Daniel Murphy,Mets,2015,5.109,No,$8.600MM,$7.400MM,$8.000MM,$8.000MM,
Daniel Nava,Red Sox,2015,3.045,No,$2.250MM,$1.300MM,$1.775MM,$1.850MM,
Juan Nicasio,Dodgers,2015,3.084,No,,,,$2.300MM,
Hector Noesi,White Sox,2015,3.006,No,,,,$1.950MM,
Bud Norris,Orioles,2015,5.068,No,$10.250MM,$7.500MM,$8.875MM,$8.800MM,
Ivan Nova,Yankees,2015,4.024,No,,,,$3.300MM,
Eduardo Nunez,Twins,2015,3.09,No,,,,$1.025MM,
Adam Ottavino,Rockies,2015,3.087,No,$1.475MM,$1.000MM,$1.238MM,$1.300MM,
Jarrod Parker,Athletics,2015,3,No,$1.700MM,$0.850MM,$1.275MM,$0.850MM,Team
Bobby Parnell,Mets,2015,5.132,No,,,,$3.700MM,
Gerardo Parra,Brewers,2015,5.145,No,,,,$6.237MM,
Steve Pearce,Orioles,2015,5.116,No,$5.400MM,$2.000MM,$3.700MM,$3.700MM,
Cliff Pennington,Diamondbacks,2015,5.114,No,,,,$3.275MM,
Vinnie Pestano,Angels,2015,3.054,No,,,,$1.150MM,
Yusmeiro Petit,Giants,2015,4.016,No,,,,$2.100MM,
David Phelps,Marlins,2015,2.156,Yes,$1.875MM,$1.400MM,$1.637MM,$1.400MM,Team
Michael Pineda,Yankees,2015,3.099,No,,,,$2.100MM,
Trevor Plouffe,Twins,2015,3.162,No,,,,$4.800MM,
Rick Porcello,Red Sox,2015,5.17,No,,,,$12.500MM,
Alex Presley,Astros,2015,2.162,Yes,,,,$1.000MM,
David Price,Tigers,2015,5.164,No,,,,$19.750MM,
Cesar Ramos,Angels,2015,4.003,No,,,,$1.312MM,
Wilson Ramos,Nationals,2015,4.047,No,,,,$3.550MM,
Josh Reddick,Athletics,2015,4.05,No,,,,$4.100MM,
Addison Reed,Diamondbacks,2015,3.027,No,$5.600MM,$4.700MM,$5.150MM,$4.875MM,
Ben Revere,Phillies,2015,3.149,No,,,,$4.100MM,
Garrett Richards,Angels,2015,2.148,Yes,$3.800MM,$2.400MM,$3.100MM,$3.200MM,
Rene Rivera,Rays,2015,3.082,No,,,,$1.200MM,
Fernando Rodriguez,Athletics,2015,3.053,No,,,,$0.635MM,
Sean Rodriguez,Pirates,2015,5.133,No,,,,$1.900MM,
Esmil Rogers,Yankees,2015,4.088,No,,,,$1.480MM,
Wilin Rosario,Rockies,2015,3.023,No,$3.300MM,$2.800MM,$3.050MM,$2.800MM,Team
Tyson Ross,Padres,2015,3.126,No,,,,$5.250MM,
Justin Ruggiano,Cubs,2015,4.019,No,,,,$2.505MM,
James Russell,Braves,2015,5,No,,,,$2.425MM,
Marc Rzepczynski,Indians,2015,4.132,No,,,,$2.400MM,
Fernando Salas,Angels,2015,4.048,No,,,,$1.370MM,
Jeff Samardzija,White Sox,2015,5.028,No,,,,$9.800MM,
Hector Sanchez,Giants,2015,2.166,Yes,,,,$0.800MM,
Hector Santiago,Angels,2015,3.016,No,,,,$2.290MM,
Michael Saunders,Blue Jays,2015,4.138,No,,,,$2.875MM,
Jordan Schafer,Twins,2015,4.121,No,$1.700MM,$1.400MM,$1.550MM,$1.550MM,
Bryan Shaw,Indians,2015,3.081,No,,,,$1.550MM,
Alfredo Simon,Tigers,2015,5.142,No,,,,$5.550MM,
Tony Sipp,Astros,2015,5.1,No,,,,$2.400MM,
Drew Smyly,Rays,2015,2.154,Yes,,,,$2.650MM,
Travis Snider,Pirates,2015,4.091,No,,,,$2.100MM,
Eric Sogard,Athletics,2015,3.064,No,$1.425MM,$0.900MM,$1.163MM,$1.075MM,
Craig Stammen,Nationals,2015,4.16,No,,,,$2.250MM,
Chris Stewart,Pirates,2015,4.091,No,,,,$1.225MM,
Drew Storen,Nationals,2015,4.14,No,,,,$5.700MM,
Stephen Strasburg,Nationals,2015,4.118,No,,,,$7.400MM,
Pedro Strop,Cubs,2015,3.156,No,$3.000MM,$2.000MM,$2.500MM,$2.525MM,
Drew Stubbs,Rockies,2015,5.047,No,,,,$5.825MM,
Junichi Tazawa,Red Sox,2015,4.086,No,,,,$2.250MM,
Ruben Tejada,Mets,2015,3.171,No,,,,$1.880MM,
Dale Thayer,Padres,2015,3.071,No,,,,$1.375MM,
Chris Tillman,Orioles,2015,3.113,No,,,,$4.315MM,
Josh Tomlin,Indians,2015,4.033,No,,,,$1.500MM,
Mark Trumbo,Diamondbacks,2015,4.027,No,$6.900MM,$5.300MM,$6.100MM,$6.900MM,Player
Justin Turner,Dodgers,2015,4.045,No,,,,$2.500MM,
Luis Valbuena,Cubs,2015,4.148,No,,,,$4.200MM,
Danny Valencia,Blue Jays,2015,3.118,No,$1.675MM,$1.250MM,$1.462MM,$1.675MM,Player
Dayan Viciedo,White Sox,2015,3.123,No,,,,$4.400MM,
Jordan Walden,Cardinals,2015,4.043,No,,,,Extension,
Neil Walker,Pirates,2015,4.166,No,$9.000MM,$8.000MM,$8.500MM,$8.000MM,Team
Tony Watson,Pirates,2015,3.101,No,,,,$1.750MM,
Joe Wieland,Padres,2015,2.161,Yes,,,,$0.590MM,
Matt Wieters,Orioles,2015,5.129,No,,,,$8.300MM,
Tom Wilhelmsen,Mariners,2015,3.091,No,$2.200MM,$1.400MM,$1.800MM,$1.400MM,Team
Travis Wood,Cubs,2015,4.004,No,,,,$5.685MM,
Vance Worley,Pirates,2015,2.139,Yes,$2.450MM,$2.000MM,$2.225MM,$2.450MM,Player
Dustin Ackley,Yankees,2016,4.087,No,,,,$3.200MM,
Matt Adams,Cardinals,2016,3.033,No,,,,$1.650MM,
Cody Allen,Indians,2016,3.076,No,,,,$4.150MM,
Yonder Alonso,Athletics,2016,4.116,No,,,,$2.650MM,
Nolan Arenado,Rockies,2016,2.155,Yes,,,,$5.000MM,
Jake Arrieta,Cubs,2016,4.145,No,$13.000MM,$7.500MM,$10.250MM,$10.700MM,
Luis Avilan,Dodgers,2016,3.077,No,,,,$1.390MM,
Brandon Barnes,Rockies,2016,3.024,No,,,,$1.000MM,
Brandon Belt,Giants,2016,4.128,No,$7.500MM,$5.300MM,$6.400MM,$6.200MM,
Charlie Blackmon,Rockies,2016,3.102,No,$3.900MM,$2.700MM,$3.300MM,$3.500MM,
Andres Blanco,Phillies,2016,5.007,No,,,,$1.450MM,
Peter Bourjos,Phillies,2016,5.062,No,,,,$2.000MM,
Brad Brach,Orioles,2016,3.063,No,,,,$1.250MM,
Zach Britton,Orioles,2016,3.158,No,$7.900MM,$5.600MM,$6.750MM,$6.750MM,
Rex Brothers,Cubs,2016,3.131,No,,,,$1.420MM,
Drew Butera,Royals,2016,5.018,No,,,,$1.163MM,
Lorenzo Cain,Royals,2016,4.074,No,$7.850MM,$5.000MM,$6.425MM,Extension,
Kole Calhoun,Angels,2016,2.13,Yes,$3.900MM,$2.350MM,$3.125MM,$3.400MM,
Carter Capps,Marlins,2016,3.007,No,,,,$0.988MM,
Andrew Cashner,Padres,2016,5.126,No,,,,$7.150MM,
Welington Castillo,Diamondbacks,2016,4.009,No,,,,$3.700MM,
Jason Castro,Astros,2016,5.104,No,$5.250MM,$5.000MM,$5.125MM,$5.000MM,Team
Brett Cecil,Blue Jays,2016,5.152,No,,,,$3.800MM,
Francisco Cervelli,Pirates,2016,5.146,No,,,,$3.500MM,
Aroldis Chapman,Yankees,2016,5.034,No,$13.100MM,$9.000MM,$11.050MM,$11.325MM,
Jesse Chavez,Blue Jays,2016,5.108,No,$4.000MM,$3.600MM,$3.800MM,$4.000MM,Player
Robinson Chirinos,Rangers,2016,3.103,No,,,,$1.550MM,
Lonnie Chisenhall,Indians,2016,3.158,No,,,,$2.725MM,
Alex Cobb,Rays,2016,4.061,No,,,,$4.000MM,
Chris Coghlan,Cubs,2016,5.148,No,,,,$4.800MM,
Louis Coleman,Royals,2016,3.018,No,,,,$0.725MM,
Tim Collins,Royals,2016,4.097,No,,,,$1.475MM,
Hank Conger,Rays,2016,4.051,No,,,,$1.500MM,
Patrick Corbin,Diamondbacks,2016,3.105,No,,,,$2.525MM,
Collin Cowgill,Indians,2016,3.151,No,,,,$1.000MM,
Zack Cozart,Reds,2016,4.084,No,,,,$2.925MM,
Tony Cruz,Royals,2016,4.105,No,,,,$0.975MM,
Rubby De La Rosa,Diamondbacks,2016,3.097,No,,,,$2.350MM,
Steve Delabar,Blue Jays,2016,3.008,No,,,,$0.835MM,
Randall Delgado,Diamondbacks,2016,3.1,No,,,,$1.250MM,
Jake Diekman,Rangers,2016,3.049,No,$1.550MM,$0.975MM,$1.262MM,$1.255MM,
Josh Donaldson,Blue Jays,2016,3.158,No,$11.800MM,$11.350MM,$11.575MM,Extension,
Felix Doubront,Athletics,2016,4.041,No,,,,$2.000MM,
Lucas Duda,Mets,2016,4.137,No,$7.400MM,$5.900MM,$6.650MM,$6.725MM,
Danny Duffy,Royals,2016,4.085,No,,,,$4.225MM,
Jarrod Dyson,Royals,2016,4.088,No,,,,$1.725MM,
Josh Edgin,Mets,2016,3.015,No,,,,$0.625MM,
A.J. Ellis,Dodgers,2016,5.151,No,,,,$4.500MM,
Nate Eovaldi,Yankees,2016,4.013,No,$6.300MM,$4.900MM,$5.600MM,$5.600MM,
Eduardo Escobar,Twins,2016,3.128,No,,,,$2.150MM,
Danny Espinosa,Nationals,2016,4.113,No,,,,$2.875MM,
Jeurys Familia,Mets,2016,3.03,No,$4.800MM,$3.300MM,$4.050MM,$4.100MM,
Jose Fernandez,Marlins,2016,3,No,,,,$2.800MM,
Josh Fields,Astros,2016,3,No,,,,$0.900MM,
Casey Fien,Twins,2016,3.143,No,,,,$2.275MM,
Ryan Flaherty,Orioles,2016,4,No,,,,$1.500MM,
Logan Forsythe,Rays,2016,4.113,No,,,,Extension,
Sam Fuld,Athletics,2016,5.14,No,,,,$1.925MM,
Charlie Furbush,Mariners,2016,4.121,No,,,,$1.600MM,
Freddy Galvis,Phillies,2016,3.021,No,,,,$2.000MM,
Avisail Garcia,White Sox,2016,2.167,Yes,,,,$2.100MM,
Evan Gattis,Astros,2016,3,No,$3.850MM,$3.000MM,$3.425MM,$3.400MM,
Chris Gimenez,Rangers,2016,3.163,No,,,,$0.975MM,
Jeanmar Gomez,Phillies,2016,4.063,No,,,,$1.400MM,
Marwin Gonzalez,Astros,2016,3.133,No,,,,$2.000MM,
Miguel Gonzalez,Orioles,2016,4.095,No,,,,$5.100MM,
Dee Gordon,Marlins,2016,3.154,No,,,,Extension,
Yasmani Grandal,Dodgers,2016,3.115,No,,,,$2.800MM,
Didi Gregorius,Yankees,2016,2.159,Yes,$2.525MM,$2.300MM,$2.413MM,$2.425MM,
Justin Grimm,Cubs,2016,2.17,Yes,,,,$1.275MM,
Brandon Guyer,Rays,2016,3.066,No,,,,$1.185MM,
Matt Harvey,Mets,2016,3.072,No,,,,$4.325MM,
Chris Hatcher,Dodgers,2016,2.146,Yes,,,,$1.065MM,
Adeiny Hechavarria,Marlins,2016,3.06,No,,,,$2.625MM,
Jeremy Hellickson,Phillies,2016,5.045,No,,,,$7.000MM,
J.J. Hoover,Reds,2016,3.102,No,$1.400MM,$1.225MM,$1.312MM,$1.400MM,Player
Daniel Hudson,Diamondbacks,2016,5.117,No,,,,$2.700MM,
Jared Hughes,Pirates,2016,3.162,No,,,,$2.175MM,
Drew Hutchison,Blue Jays,2016,3.128,No,,,,$2.200MM,
Jose Iglesias,Tigers,2016,3.036,No,,,,$2.100MM,
Kenley Jansen,Dodgers,2016,5.073,No,,,,$10.650MM,
Dan Jennings,White Sox,2016,2.171,Yes,,,,$0.810MM,
Desmond Jennings,Rays,2016,4.101,No,,,,$3.300MM,
Kevin Jepsen,Twins,2016,5.163,No,$5.400MM,$5.050MM,$5.225MM,$5.312MM,
Nate Jones,White Sox,2016,4,No,,,,Extension,
Joe Kelly,Red Sox,2016,3.101,No,,,,$2.600MM,
Dallas Keuchel,Astros,2016,3.089,No,,,,$7.250MM,
Tom Koehler,Marlins,2016,3.016,No,,,,$3.500MM,
George Kontos,Giants,2016,2.171,Yes,$1.350MM,$0.850MM,$1.100MM,$1.150MM,
Brett Lawrie,White Sox,2016,4.055,No,,,,$4.125MM,
DJ LeMahieu,Rockies,2016,3.128,No,$3.300MM,$2.800MM,$3.050MM,Extension,
Jose Lobaton,Nationals,2016,4.138,No,,,,$1.387MM,
Jeff Locke,Pirates,2016,3.02,No,,,,$3.025MM,
Aaron Loup,Blue Jays,2016,3.083,No,,,,$1.050MM,
Jordan Lyles,Rockies,2016,4.06,No,,,,$2.975MM,
Manny Machado,Orioles,2016,3.056,No,,,,$5.000MM,
Seth Maness,Cardinals,2016,2.154,Yes,,,,$1.400MM,
Jeff Manship,Indians,2016,2.13,Yes,,,,$0.765MM,
Leonys Martin,Mariners,2016,3.063,No,,,,$4.150MM,
J.D. Martinez,Tigers,2016,4.036,No,$8.000MM,$6.000MM,$7.000MM,Extension,
Brian Matusz,Orioles,2016,5.156,No,$4.400MM,$3.500MM,$3.950MM,$3.900MM,
Zach McAllister,Indians,2016,3.077,No,,,,$1.300MM,
Jake McGee,Rays,2016,4.127,No,,,,$4.800MM,
Jenrry Mejia,Mets,2016,3.085,No,$2.595MM,$2.345MM,$2.470MM,$2.470MM,
Mark Melancon,Pirates,2016,5.098,No,,,,$9.650MM,
Jordy Mercer,Pirates,2016,3.095,No,,,,$2.075MM,
Shelby Miller,Diamondbacks,2016,3.03,No,,,,$4.350MM,
Tom Milone,Twins,2016,3.143,No,,,,$4.500MM,
Tyler Moore,Nationals,2016,3.018,No,,,,$0.900MM,
Mitch Moreland,Rangers,2016,5.067,No,$6.000MM,$4.675MM,$5.338MM,$5.700MM,
Bryan Morris,Marlins,2016,3.011,No,,,,$1.350MM,
Logan Morrison,Rays,2016,5.069,No,,,,$4.200MM,
Brandon Moss,Cardinals,2016,5.16,No,,,,$8.250MM,
Mike Moustakas,Royals,2016,4.111,No,$7.000MM,$4.200MM,$5.600MM,Extension,
Derek Norris,Padres,2016,3.102,No,,,,$2.925MM,
Ivan Nova,Yankees,2016,5.024,No,$4.600MM,$3.800MM,$4.200MM,$4.100MM,
Eduardo Nunez,Twins,2016,4.09,No,,,,$1.450MM,
Adam Ottavino,Rockies,2016,4.087,No,,,,Extension,
Jarrod Parker,Athletics,2016,4,No,,,,$0.850MM,
Wily Peralta,Brewers,2016,3.033,No,,,,$2.800MM,
David Phelps,Marlins,2016,3.156,No,,,,$2.500MM,
Michael Pineda,Yankees,2016,4.099,No,,,,$4.300MM,
Trevor Plouffe,Twins,2016,4.162,No,$7.950MM,$7.000MM,$7.475MM,$7.250MM,
A.J. Pollock,Diamondbacks,2016,3.052,No,$3.900MM,$3.650MM,$3.775MM,Extension,
Drew Pomeranz,Padres,2016,3.013,No,,,,$1.350MM,
Jurickson Profar,Rangers,2016,2.167,Yes,,,,$0.605MM,
Zach Putnam,White Sox,2016,2.135,Yes,,,,$0.975MM,
Erasmo Ramirez,Rays,2016,2.158,Yes,,,,$2.375MM,
A.J. Ramos,Marlins,2016,3.03,No,,,,$3.400MM,
Wilson Ramos,Nationals,2016,5.047,No,,,,$5.350MM,
Josh Reddick,Athletics,2016,5.05,No,,,,$6.575MM,
Addison Reed,Mets,2016,4.002,No,,,,$5.300MM,
Nolan Reimold,Orioles,2016,5.113,No,,,,$1.300MM,
Anthony Rendon,Nationals,2016,2.13,Yes,,,,$2.800MM,
Ben Revere,Blue Jays,2016,4.149,No,,,,$6.250MM,
Matt Reynolds,Diamondbacks,2016,4.046,No,,,,$0.675MM,
Clayton Richard,Cubs,2016,5.154,No,,,,$2.000MM,
Garrett Richards,Angels,2016,3.148,No,$7.100MM,$5.300MM,$6.200MM,$6.425MM,
Rene Rivera,Rays,2016,4.082,No,,,,$1.700MM,
Fernando Rodriguez,Athletics,2016,4.032,No,,,,$1.050MM,
Andrew Romine,Tigers,2016,3.049,No,,,,$0.900MM,
Hector Rondon,Cubs,2016,3,No,,,,$4.200MM,
Trevor Rosenthal,Cardinals,2016,3.058,No,,,,$5.600MM,
Robbie Ross,Red Sox,2016,3.1,No,$1.325MM,$1.075MM,$1.200MM,$1.250MM,
Tyson Ross,Padres,2016,4.126,No,,,,$9.625MM,
Marc Rzepczynski,Athletics,2016,5.132,No,,,,$1.375MM,
Fernando Salas,Angels,2016,5.048,No,,,,$2.400MM,
Hector Santiago,Angels,2016,4.016,No,,,,$5.000MM,
Michael Saunders,Blue Jays,2016,5.138,No,,,,$2.900MM,
Tanner Scheppers,Rangers,2016,3.111,No,,,,$0.900MM,
Evan Scribner,Mariners,2016,2.142,Yes,,,,$0.807MM,
Jean Segura,Brewers,2016,3.065,No,,,,$2.600MM,
Bryan Shaw,Indians,2016,4.081,No,,,,$2.750MM,
Will Smith,Brewers,2016,2.155,Yes,,,,$1.475MM,
Justin Smoak,Blue Jays,2016,5.077,No,,,,$3.900MM,
Drew Smyly,Rays,2016,3.154,No,$3.750MM,$3.200MM,$3.475MM,$3.750MM,Player
Eric Sogard,Athletics,2016,4.064,No,,,,$1.500MM,
Chris Stewart,Pirates,2016,5.091,No,,,,Extension,
Drew Storen,Nationals,2016,5.14,No,,,,$8.375MM,
Stephen Strasburg,Nationals,2016,5.118,No,,,,$10.400MM,
Pedro Strop,Cubs,2016,4.156,No,,,,$4.400MM,
Junichi Tazawa,Red Sox,2016,5.086,No,$4.150MM,$2.700MM,$3.425MM,$3.375MM,
Ruben Tejada,Mets,2016,4.171,No,,,,$3.000MM,
Chris Tillman,Orioles,2016,4.113,No,,,,$6.225MM,
Shawn Tolleson,Rangers,2016,3.122,No,$3.900MM,$2.600MM,$3.250MM,$3.275MM,
Josh Tomlin,Indians,2016,4.151,No,,,,$2.250MM,
Carlos Torres,Mets,2016,3.114,No,,,,$1.050MM,
Mark Trumbo,Orioles,2016,5.027,No,,,,$9.150MM,
Justin Turner,Dodgers,2016,5.045,No,,,,$5.100MM,
Luis Valbuena,Astros,2016,5.148,No,,,,$6.125MM,
Danny Valencia,Athletics,2016,4.118,No,,,,$3.150MM,
Scott Van Slyke,Dodgers,2016,2.151,Yes,,,,$1.225MM,
Arodys Vizcaino,Braves,2016,2.168,Yes,,,,$0.897MM,
Neil Walker,Mets,2016,5.166,No,$11.800MM,$9.400MM,$10.600MM,$10.550MM,
Brett Wallace,Padres,2016,3.003,No,,,,$1.000MM,
Adam Warren,Cubs,2016,3.036,No,,,,$1.700MM,
Tony Watson,Pirates,2016,4.101,No,,,,$3.450MM,
Joe Wieland,Dodgers,2016,3.027,No,,,,$0.590MM,
Tom Wilhelmsen,Rangers,2016,4.089,No,,,,$3.100MM,
Justin Wilson,Tigers,2016,3.035,No,,,,$1.525MM,
Chris Withrow,Braves,2016,2.132,Yes,,,,$0.610MM,
Travis Wood,Cubs,2016,5.004,No,,,,$6.175MM,
Vance Worley,Orioles,2016,3.112,No,,,,$2.600MM,
Fernando Abad,Red Sox,2017,5.073,No,$2.700MM,$2.000MM,$2.350MM,$2.000MM,Team
Jose Abreu,White Sox,2017,3,No,,,,$10.825MM,
Matt Adams,Cardinals,2017,4.033,No,,,,$2.800MM,
Ehire Adrianza,Twins,2017,2.131,Yes,,,,$0.600MM,
Cody Allen,Indians,2017,4.076,No,,,,$7.350MM,
Yonder Alonso,Athletics,2017,5.116,No,,,,$4.000MM,
Chase Anderson,Brewers,2017,2.146,Yes,$2.850MM,$2.450MM,$2.650MM,$2.450MM,Team
Norichika Aoki,Astros,2017,4.148,No,,,,$5.500MM,
Nolan Arenado,Rockies,2017,3.155,No,,,,Extension,
Jake Arrieta,Cubs,2017,5.145,No,,,,$15.637MM,
Luis Avilan,Dodgers,2017,3.146,No,,,,$1.500MM,
Darwin Barney,Blue Jays,2017,5.085,No,,,,$2.888MM,
Trevor Bauer,Indians,2017,2.158,Yes,,,,$3.550MM,
Tim Beckham,Rays,2017,2.134,Yes,,,,$0.885MM,
Dellin Betances,Yankees,2017,3.078,No,$5.000MM,$3.000MM,$4.000MM,$3.000MM,Team
Charlie Blackmon,Rockies,2017,4.102,No,,,,$7.300MM,
Xander Bogaerts,Red Sox,2017,3.042,No,,,,$4.500MM,
Brad Boxberger,Rays,2017,3.109,No,,,,$1.600MM,
Brad Brach,Orioles,2017,4.063,No,$3.050MM,$2.525MM,$2.788MM,$3.050MM,Player
Jackie Bradley Jr.,Red Sox,2017,2.15,Yes,,,,$3.600MM,
Zach Britton,Orioles,2017,4.158,No,,,,$11.400MM,
Kole Calhoun,Angels,2017,3.13,No,,,,Extension,
Carter Capps,Padres,2017,4.007,No,,,,$0.988MM,
Ezequiel Carrera,Blue Jays,2017,3.039,No,,,,$1.163MM,
Nicholas Castellanos,Tigers,2017,3.029,No,,,,$3.000MM,
Xavier Cedeno,Rays,2017,3.06,No,,,,$1.300MM,
Tyler Chatwood,Rockies,2017,5.039,No,,,,$4.400MM,
Robinson Chirinos,Rangers,2017,4.103,No,,,,$1.950MM,
Lonnie Chisenhall,Indians,2017,4.158,No,,,,$4.300MM,
Tony Cingrani,Reds,2017,3.088,No,,,,$1.825MM,
Alex Cobb,Rays,2017,5.061,No,,,,$4.200MM,
Gerrit Cole,Pirates,2017,3.111,No,,,,$3.750MM,
Josh Collmenter,Braves,2017,5.144,No,,,,$1.200MM,
Patrick Corbin,Diamondbacks,2017,4.105,No,,,,$3.950MM,
Zack Cozart,Reds,2017,5.084,No,,,,$5.325MM,
Travis D'Arnaud,Mets,2017,3.044,No,,,,$1.875MM,
Khris Davis,Athletics,2017,3.104,No,$5.000MM,$4.650MM,$4.825MM,$5.000MM,Player
Jacob deGrom,Mets,2017,2.139,Yes,,,,$4.050MM,
Randall Delgado,Diamondbacks,2017,5.1,No,,,,,
Randall Delgado,Diamondbacks,2017,4.1,No,,,,$1.775MM,
Corey Dickerson,Rays,2017,3.101,No,,,,$3.025MM,
Jake Diekman,Rangers,2017,4.05,No,$3.100MM,$1.900MM,$2.500MM,$2.550MM,
Derek Dietrich,Marlins,2017,2.151,Yes,,,,$1.700MM,
Lucas Duda,Mets,2017,5.137,No,,,,$7.250MM,
Danny Duffy,Royals,2017,5.085,No,$8.000MM,$7.250MM,$7.625MM,Extension,
Jarrod Dyson,Mariners,2017,5.088,No,,,,$2.800MM,
Sam Dyson,Rangers,2017,2.142,Yes,,,,$3.520MM,
Josh Edgin,Mets,2017,3.097,No,,,,$0.675MM,
Eduardo Escobar,Twins,2017,4.128,No,,,,$2.600MM,
Danny Espinosa,Angels,2017,5.113,No,,,,$5.425MM,
Jeurys Familia,Mets,2017,4.03,No,,,,$7.425MM,
Danny Farquhar,Rays,2017,2.17,Yes,,,,$0.900MM,
Josh Fields,Dodgers,2017,3.092,No,,,,$1.050MM,
Michael Fiers,Astros,2017,3.085,No,$3.900MM,$3.000MM,$3.450MM,$3.450MM,
Ryan Flaherty,Orioles,2017,5,No,,,,$1.800MM,
Wilmer Flores,Mets,2017,3.003,No,$2.200MM,$1.800MM,$2.000MM,$2.200MM,Player
Todd Frazier,White Sox,2017,5.071,No,,,,$12.000MM,
Christian Friedrich,Padres,2017,3.046,No,,,,$1.790MM,
Freddy Galvis,Phillies,2017,4.021,No,,,,$4.350MM,
Avisail Garcia,White Sox,2017,3.167,No,,,,$3.000MM,
Kevin Gausman,Orioles,2017,2.151,Yes,$3.550MM,$3.150MM,$3.350MM,$3.450MM,
Cory Gearrin,Giants,2017,3.136,No,,,,$1.050MM,
Scooter Gennett,Brewers,2017,3.071,No,,,,$2.525MM,
Kyle Gibson,Twins,2017,3.056,No,,,,$2.900MM,
Conor Gillaspie,Giants,2017,4.028,No,,,,$1.400MM,
Jeanmar Gomez,Phillies,2017,5.063,No,,,,$4.200MM,
Marwin Gonzalez,Astros,2017,4.133,No,$4.200MM,$3.250MM,$3.725MM,$3.725MM,
Miguel Gonzalez,White Sox,2017,5.084,No,,,,$5.900MM,
Tuffy Gosewisch,Mariners,2017,2.154,Yes,,,,$0.635MM,
Yasmani Grandal,Dodgers,2017,4.115,No,,,,$5.500MM,
Sonny Gray,Athletics,2017,3.061,No,,,,$3.575MM,
Didi Gregorius,Yankees,2017,3.159,No,,,,$5.100MM,
A.J. Griffin,Rangers,2017,4.034,No,,,,$2.000MM,
Justin Grimm,Cubs,2017,3.17,No,,,,$1.825MM,
Brandon Guyer,Indians,2017,4.066,No,$2.300MM,$1.900MM,$2.100MM,Extension,
Billy Hamilton,Reds,2017,3.028,No,,,,$2.625MM,
Brad Hand,Padres,2017,3.092,No,,,,$1.375MM,
Bryce Harper,Nationals,2017,4.159,No,,,,$13.625MM,
Will Harris,Astros,2017,3.102,No,$2.300MM,$1.950MM,$2.125MM,Extension,
Matt Harvey,Mets,2017,4.072,No,,,,$5.125MM,
Chris Hatcher,Dodgers,2017,3.146,No,,,,$1.250MM,
Adeiny Hechavarria,Marlins,2017,4.06,No,,,,$4.350MM,
Liam Hendriks,Athletics,2017,3.038,No,,,,$1.100MM,
Cesar Hernandez,Phillies,2017,2.154,Yes,$2.800MM,$2.200MM,$2.500MM,$2.550MM,
Kelvin Herrera,Royals,2017,4.157,No,$5.600MM,$5.050MM,$5.325MM,$5.325MM,
Chris Herrmann,Diamondbacks,2017,3.001,No,,,,$0.938MM,
Aaron Hicks,Yankees,2017,3.041,No,,,,$1.350MM,
Brock Holt,Red Sox,2017,3.052,No,,,,$1.950MM,
Eric Hosmer,Royals,2017,5.146,No,,,,$12.250MM,
Jared Hughes,Pirates,2017,4.162,No,,,,$2.825MM,
Drew Hutchison,Pirates,2017,3.165,No,,,,$2.300MM,
Jose Iglesias,Tigers,2017,4.036,No,,,,$4.100MM,
Jeremy Jeffress,Rangers,2017,3.104,No,,,,$2.100MM,
Dan Jennings,White Sox,2017,3.171,No,,,,$1.400MM,
Caleb Joseph,Orioles,2017,2.145,Yes,$1.000MM,$0.700MM,$0.850MM,$0.700MM,Team
Joe Kelly,Red Sox,2017,4.029,No,,,,$2.800MM,
Dallas Keuchel,Astros,2017,4.089,No,,,,$9.150MM,
Kevin Kiermaier,Rays,2017,2.131,Yes,,,,$2.975MM,
Brandon Kintzler,Twins,2017,5.003,No,,,,$2.925MM,
Tom Koehler,Marlins,2017,4.016,No,,,,$5.750MM,
George Kontos,Giants,2017,3.171,No,,,,$1.750MM,
Ian Krol,Braves,2017,2.149,Yes,,,,$0.900MM,
Brett Lawrie,White Sox,2017,5.055,No,,,,$3.500MM,
Tommy Layne,Yankees,2017,2.144,Yes,,,,$1.075MM,
Wade LeBlanc,Pirates,2017,3.131,No,,,,$0.800MM,
Sandy Leon,Red Sox,2017,2.149,Yes,,,,$1.300MM,
Jose Lobaton,Nationals,2017,5.138,No,,,,$1.575MM,
Aaron Loup,Blue Jays,2017,4.04,No,,,,$1.125MM,
Jordan Lyles,Rockies,2017,5.021,No,,,,$3.175MM,
Manny Machado,Orioles,2017,4.056,No,,,,$11.500MM,
Martin Maldonado,Angels,2017,4.156,No,,,,$1.725MM,
Jake Marisnick,Astros,2017,2.145,Yes,,,,$1.100MM,
Leonys Martin,Mariners,2017,4.078,No,,,,$4.850MM,
Carlos Martinez,Cardinals,2017,3.073,No,$4.250MM,$3.900MM,$4.075MM,Extension,
Brandon Maurer,Padres,2017,3.089,No,,,,$1.900MM,
Zach McAllister,Indians,2017,4.077,No,,,,$1.825MM,
T.J. McFarland,Orioles,2017,3.006,No,,,,$0.685MM,
Jake McGee,Rockies,2017,5.127,No,,,,$5.900MM,
Collin McHugh,Astros,2017,3.085,No,$3.850MM,$3.350MM,$3.600MM,$3.850MM,Player
Jordy Mercer,Pirates,2017,4.095,No,,,,$4.325MM,
Brad Miller,Rays,2017,3.094,No,,,,$3.575MM,
Shelby Miller,Diamondbacks,2017,3.166,No,$5.100MM,$4.700MM,$4.900MM,$4.700MM,Team
Wil Myers,Padres,2017,3.104,No,$4.000MM,$3.400MM,$3.700MM,Extension,
Juan Nicasio,Pirates,2017,5.084,No,,,,$3.650MM,
Kirk Nieuwenhuis,Brewers,2017,3.112,No,,,,$0.900MM,
Derek Norris,Nationals,2017,4.102,No,,,,$4.200MM,
Eduardo Nunez,Giants,2017,5.09,No,,,,$4.200MM,
Vidal Nuno,Orioles,2017,3.015,No,,,,$1.125MM,
Jake Odorizzi,Rays,2017,3.042,No,$4.100MM,$3.825MM,$3.962MM,$4.100MM,Player
Dan Otero,Indians,2017,3.124,No,,,,$1.055MM,
Chris Owings,Diamondbacks,2017,3.027,No,,,,$2.300MM,
Marcell Ozuna,Marlins,2017,3.124,No,,,,$3.500MM,
James Paxton,Mariners,2017,2.151,Yes,,,,$2.350MM,
Wily Peralta,Brewers,2017,3.16,No,,,,$4.275MM,
Jake Petricka,White Sox,2017,3.044,No,,,,$0.825MM,
David Phelps,Marlins,2017,4.156,No,$4.600MM,$4.325MM,$4.463MM,$4.600MM,Player
Michael Pineda,Yankees,2017,5.099,No,,,,$7.400MM,
Drew Pomeranz,Red Sox,2017,4.013,No,$5.700MM,$3.600MM,$4.650MM,$4.450MM,
Ryan Pressly,Twins,2017,3.053,No,,,,$1.175MM,
Jurickson Profar,Rangers,2017,3.124,No,,,,$1.005MM,
Zach Putnam,White Sox,2017,3.135,No,,,,$1.175MM,
Erasmo Ramirez,Rays,2017,3.158,No,,,,$3.125MM,
A.J. Ramos,Marlins,2017,4.03,No,,,,$6.550MM,
Anthony Recker,Braves,2017,4,No,,,,$0.800MM,
Addison Reed,Mets,2017,5.001,No,,,,$7.750MM,
Anthony Rendon,Nationals,2017,3.13,No,,,,$5.800MM,
Garrett Richards,Angels,2017,4.148,No,,,,$6.850MM,
Rene Rivera,Mets,2017,5.07,No,,,,$1.750MM,
Tanner Roark,Nationals,2017,3.055,No,,,,$4.315MM,
Paco Rodriguez,Braves,2017,3.12,No,,,,$0.637MM,
Andrew Romine,Tigers,2017,4.049,No,,,,$1.300MM,
Austin Romine,Yankees,2017,3.045,No,,,,$0.805MM,
Bruce Rondon,Tigers,2017,3.037,No,,,,$0.800MM,
Hector Rondon,Cubs,2017,4,No,,,,$5.800MM,
Trevor Rosenthal,Cardinals,2017,4.058,No,,,,$6.400MM,
Robbie Ross,Red Sox,2017,4.1,No,,,,$1.825MM,
Danny Salazar,Indians,2017,2.162,Yes,,,,$3.400MM,
Hector Santiago,Twins,2017,5.016,No,,,,$8.000MM,
Tanner Scheppers,Rangers,2017,4.094,No,,,,$0.975MM,
Jonathan Schoop,Orioles,2017,3.027,No,,,,$3.475MM,
Evan Scribner,Mariners,2017,3.142,No,,,,$0.907MM,
Jean Segura,Mariners,2017,4.065,No,,,,$6.200MM,
Bryan Shaw,Indians,2017,5.081,No,,,,$4.600MM,
Matt Shoemaker,Angels,2017,2.166,Yes,,,,$3.325MM,
Kevin Siegrist,Cardinals,2017,3.116,No,,,,$1.637MM,
Will Smith,Giants,2017,3.155,No,,,,$2.500MM,
Drew Smyly,Mariners,2017,4.154,No,,,,$6.850MM,
Yangervis Solarte,Padres,2017,3,No,$3.200MM,$2.800MM,$3.000MM,Extension,
George Springer,Astros,2017,2.166,Yes,,,,$3.900MM,
Marcus Stroman,Blue Jays,2017,2.148,Yes,$3.400MM,$3.100MM,$3.250MM,$3.400MM,Player
Pedro Strop,Cubs,2017,5.156,No,$6.000MM,$4.600MM,$5.300MM,$5.500MM,
Jesus Sucre,Mariners,2017,2.137,Yes,,,,$0.630MM,
Tyler Thornburg,Red Sox,2017,3.057,No,,,,$2.050MM,
Chris Tillman,Orioles,2017,5.113,No,,,,$10.050MM,
Carlos Torres,Brewers,2017,4.114,No,,,,$2.175MM,
Danny Valencia,Mariners,2017,5.118,No,,,,$5.550MM,
Scott Van Slyke,Dodgers,2017,3.151,No,,,,$1.325MM,
Nick Vincent,Mariners,2017,3.142,No,,,,$1.325MM,
Arodys Vizcaino,Braves,2017,3.168,No,,,,$1.550MM,
Stephen Vogt,Athletics,2017,3.084,No,,,,$2.965MM,
Michael Wacha,Cardinals,2017,3.062,No,$3.200MM,$2.775MM,$2.987MM,$2.775MM,Team
Taijuan Walker,Diamondbacks,2017,2.142,Yes,$2.600MM,$2.250MM,$2.425MM,$2.250MM,Team
Adam Warren,Yankees,2017,4.036,No,,,,$2.290MM,
Tony Watson,Pirates,2017,5.101,No,$6.000MM,$5.600MM,$5.800MM,$5.600MM,Team
Zack Wheeler,Mets,2017,3.098,No,,,,$0.800MM,
Alex Wilson,Tigers,2017,3.038,No,,,,$1.175MM,
Justin Wilson,Tigers,2017,4.035,No,,,,$2.700MM,
Alex Wood,Dodgers,2017,3.123,No,,,,$2.800MM,
Blake Wood,Reds,2017,4.131,No,,,,$1.275MM,
Brandon Workman,Red Sox,2017,3.018,No,,,,$0.635MM,
Jose Abreu,White Sox,2018,4,No,,,,$13.000MM,
Ehire Adrianza,Twins,2018,3.131,No,,,,$1.000MM,
Nick Ahmed,Diamondbacks,2018,3.054,No,,,,$1.275MM,
Cody Allen,Indians,2018,5.076,No,,,,$10.575MM,
Abraham Almonte,Indians,2018,3.052,No,,,,$0.825MM,
Jose Alvarez,Angels,2018,3.035,No,,,,$1.050MM,
Luis Avilan,White Sox,2018,4.146,No,,,,$2.450MM,
Pedro Baez,Dodgers,2018,3.059,No,,,,$1.500MM,
Trevor Bauer,Indians,2018,3.158,No,$6.525MM,$5.300MM,$5.912MM,$6.525MM,Player
Tim Beckham,Orioles,2018,3.134,No,,,,$3.350MM,
Cam Bedrosian,Angels,2018,2.153,Yes,,,,$1.100MM,
Dellin Betances,Yankees,2018,4.078,No,,,,$5.100MM,
Chad Bettis,Rockies,2018,3.096,No,,,,$2.000MM,
Mookie Betts,Red Sox,2018,3.07,No,$10.500MM,$7.500MM,$9.000MM,$10.500MM,Player
Charlie Blackmon,Rockies,2018,5.102,No,,,,$14.000MM,
Xander Bogaerts,Red Sox,2018,4.042,No,,,,$7.050MM,
Justin Bour,Marlins,2018,3.064,No,$3.400MM,$3.000MM,$3.200MM,$3.400MM,Player
Brad Boxberger,Diamondbacks,2018,4.109,No,,,,$1.850MM,
Brad Brach,Orioles,2018,5.063,No,,,,$5.165MM,
Jackie Bradley Jr.,Red Sox,2018,3.15,No,,,,$6.100MM,
Zach Britton,Orioles,2018,5.158,No,,,,$12.000MM,
Rex Brothers,Braves,2018,4.088,No,,,,$1.100MM,
Kris Bryant,Cubs,2018,2.171,Yes,,,,$10.850MM,
Carter Capps,Padres,2018,4.133,No,,,,$1.062MM,
Ezequiel Carrera,Blue Jays,2018,4.039,No,,,,$1.900MM,
Nicholas Castellanos,Tigers,2018,4.029,No,,,,$6.050MM,
Andrew Chafin,Diamondbacks,2018,3.02,No,,,,$1.195MM,
Lonnie Chisenhall,Indians,2018,5.158,No,,,,$5.587MM,
Tony Cingrani,Dodgers,2018,4.088,No,,,,$2.300MM,
Gerrit Cole,Astros,2018,4.111,No,,,,$6.750MM,
Alex Colome,Rays,2018,3.118,No,,,,$5.300MM,
Patrick Corbin,Diamondbacks,2018,5.105,No,,,,$7.500MM,
C.J. Cron,Angels,2018,3.097,No,,,,$2.300MM,
Travis D'Arnaud,Mets,2018,4.044,No,,,,$3.475MM,
Khris Davis,Athletics,2018,4.104,No,,,,$10.500MM,
Jacob deGrom,Mets,2018,3.139,No,,,,$7.400MM,
Randall Delgado,Diamondbacks,2018,5.1,No,,,,$2.250MM,
Anthony DeSclafani,Reds,2018,3.062,No,,,,$0.860MM,
Corey Dickerson,Rays,2018,4.101,No,,,,$5.950MM,
Jake Diekman,Rangers,2018,5.05,No,,,,$2.712MM,
Derek Dietrich,Marlins,2018,3.151,No,,,,$2.900MM,
Josh Donaldson,Blue Jays,2018,5.158,No,,,,$23.000MM,
Matt Duffy,Rays,2018,3.059,No,,,,$0.930MM,
Sam Dyson,Giants,2018,3.142,No,,,,$4.425MM,
Robbie Erlin,Padres,2018,3.078,No,,,,$0.650MM,
Eduardo Escobar,Twins,2018,5.128,No,,,,$4.850MM,
Jeurys Familia,Mets,2018,5.023,No,,,,$7.925MM,
Danny Farquhar,White Sox,2018,3.135,No,,,,$1.050MM,
Josh Fields,Dodgers,2018,4.083,No,,,,$2.200MM,
Wilmer Flores,Mets,2018,4.003,No,,,,$3.400MM,
Michael Foltynewicz,Braves,2018,2.163,Yes,$2.300MM,$2.200MM,$2.250MM,$2.200MM,Team
Maikel Franco,Phillies,2018,2.17,Yes,,,,$2.950MM,
Samuel Freeman,Braves,2018,3.066,No,,,,$1.075MM,
Freddy Galvis,Padres,2018,5.021,No,,,,$6.825MM,
Leury Garcia,White Sox,2018,3.025,No,,,,$1.175MM,
Luis Garcia,Phillies,2018,3.006,No,,,,$1.200MM,
Yimi Garcia,Dodgers,2018,3.004,No,,,,$0.630MM,
Avisail Garcia,White Sox,2018,4.167,No,$6.700MM,$5.850MM,$6.275MM,$6.700MM,Player
Evan Gattis,Astros,2018,5,No,,,,$6.700MM,
Kevin Gausman,Orioles,2018,3.151,No,$6.225MM,$5.300MM,$5.763MM,$5.600MM,
Cory Gearrin,Giants,2018,4.136,No,,,,$1.675MM,
Scooter Gennett,Reds,2018,4.071,No,$5.700MM,$5.100MM,$5.400MM,$5.700MM,Player
Kyle Gibson,Twins,2018,4.039,No,$4.550MM,$4.200MM,$4.375MM,$4.200MM,Team
Ken Giles,Astros,2018,3.113,No,$4.600MM,$4.200MM,$4.400MM,$4.600MM,Player
Yasmani Grandal,Dodgers,2018,5.115,No,,,,$7.900MM,
Kendall Graveman,Athletics,2018,3.014,No,$2.600MM,$2.360MM,$2.480MM,$2.360MM,Team
Sonny Gray,Yankees,2018,4.061,No,,,,$6.500MM,
Shane Greene,Tigers,2018,3.075,No,,,,$1.950MM,
Didi Gregorius,Yankees,2018,4.159,No,,,,$8.250MM,
Randal Grichuk,Blue Jays,2018,3.033,No,,,,$2.600MM,
Justin Grimm,Cubs,2018,4.153,No,$2.475MM,$2.200MM,$2.337MM,$2.200MM,Team
Robbie Grossman,Twins,2018,3.06,No,,,,$2.000MM,
Billy Hamilton,Reds,2018,4.028,No,,,,$4.600MM,
Brad Hand,Padres,2018,4.092,No,,,,Extension,
Blaine Hardy,Tigers,2018,2.13,Yes,,,,$0.795MM,
Matt Harvey,Mets,2018,5.072,No,,,,$5.625MM,
Chris Hatcher,Athletics,2018,4.146,No,,,,$2.150MM,
Andrew Heaney,Angels,2018,2.15,Yes,,,,$0.800MM,
Adeiny Hechavarria,Rays,2018,5.06,No,$5.900MM,$5.350MM,$5.625MM,$5.900MM,Player
Kyle Hendricks,Cubs,2018,3.081,No,,,,$4.175MM,
Liam Hendriks,Athletics,2018,4.038,No,,,,$1.900MM,
Cesar Hernandez,Phillies,2018,3.154,No,,,,$5.100MM,
Enrique Hernandez,Dodgers,2018,3.054,No,,,,$1.600MM,
Kelvin Herrera,Royals,2018,,No,,,,$7.937MM,
Chris Herrmann,Diamondbacks,2018,4.001,No,,,,$1.300MM,
Aaron Hicks,Yankees,2018,4.041,No,,,,$2.825MM,
Brock Holt,Red Sox,2018,4.052,No,,,,$2.225MM,
Jose Iglesias,Tigers,2018,5.036,No,$6.800MM,$5.600MM,$6.200MM,$6.275MM,
Dan Jennings,Rays,2018,4.171,No,,,,$2.375MM,
Caleb Joseph,Orioles,2018,3.145,No,,,,$1.250MM,
Tommy Kahnle,Yankees,2018,3.015,No,,,,$1.312MM,
Nate Karns,Royals,2018,3.033,No,,,,$1.375MM,
Keone Kela,Rangers,2018,3,No,,,,$1.200MM,
Joe Kelly,Red Sox,2018,5.029,No,,,,$3.825MM,
Dallas Keuchel,Astros,2018,5.089,No,,,,$13.200MM,
Corey Knebel,Brewers,2018,2.151,Yes,,,,$3.650MM,
George Kontos,Pirates,2018,4.171,No,,,,$2.725MM,
Tommy La Stella,Cubs,2018,3.057,No,,,,$0.950MM,
Jake Lamb,Diamondbacks,2018,3.053,No,,,,$4.275MM,
DJ LeMahieu,Rockies,2018,5.128,No,,,,$8.500MM,
Sandy Leon,Red Sox,2018,3.149,No,,,,$1.950MM,
Dominic Leone,Cardinals,2018,2.123,Yes,,,,$1.085MM,
Michael Lorenzen,Reds,2018,2.159,Yes,,,,$1.312MM,
Aaron Loup,Blue Jays,2018,5.04,No,,,,$1.812MM,
Tyler Lyons,Cardinals,2018,3.07,No,,,,$1.200MM,
Manny Machado,Orioles,2018,5.056,No,,,,$16.000MM,
Martin Maldonado,Angels,2018,5.156,No,,,,$3.900MM,
Jake Marisnick,Astros,2018,3.145,No,,,,$1.900MM,
Brandon Maurer,Royals,2018,4.089,No,$3.500MM,$2.950MM,$3.225MM,$2.950MM,Team
Trevor May,Twins,2018,3.051,No,,,,$0.650MM,
Zach McAllister,Indians,2018,5.077,No,,,,$2.450MM,
James McCann,Tigers,2018,3.028,No,,,,$2.375MM,
Lance McCullers Jr.,Astros,2018,2.14,Yes,,,,$2.450MM,
Collin McHugh,Astros,2018,4.085,No,$5.000MM,$4.550MM,$4.775MM,$5.000MM,Player
Jordy Mercer,Pirates,2018,5.095,No,,,,$6.750MM,
Brad Miller,Rays,2018,4.094,No,,,,$4.500MM,
Shelby Miller,Diamondbacks,2018,4.166,No,$4.900MM,$4.700MM,$4.800MM,$4.900MM,Player
Mike Morin,Mariners,2018,3.03,No,,,,$0.750MM,
Jimmy Nelson,Brewers,2018,3.107,No,,,,$3.700MM,
Jake Odorizzi,Rays,2018,4.042,No,$6.300MM,$6.050MM,$6.175MM,$6.300MM,Player
Roberto Osuna,Blue Jays,2018,3,No,$5.800MM,$5.300MM,$5.550MM,$5.300MM,Team
Dan Otero,Indians,2018,4.124,No,,,,Extension,
Chris Owings,Diamondbacks,2018,4.027,No,,,,$3.400MM,
Marcell Ozuna,Cardinals,2018,4.124,No,,,,$9.000MM,
Joe Panik,Giants,2018,3.1,No,,,,$3.450MM,
Blake Parker,Angels,2018,3.036,No,,,,$1.800MM,
James Paxton,Mariners,2018,3.151,No,,,,$4.900MM,
Brad Peacock,Astros,2018,3.165,No,,,,$2.440MM,
Joc Pederson,Dodgers,2018,3.028,No,,,,$2.600MM,
David Peralta,Diamondbacks,2018,3.12,No,,,,$3.300MM,
Hernan Perez,Brewers,2018,3.079,No,,,,$1.975MM,
Josh Phegley,Athletics,2018,3.016,No,,,,$0.905MM,
David Phelps,Mariners,2018,5.156,No,,,,$5.550MM,
Kevin Pillar,Blue Jays,2018,3.113,No,,,,$3.250MM,
A.J. Pollock,Diamondbacks,2018,5.052,No,,,,$7.750MM,
Drew Pomeranz,Red Sox,2018,5.013,No,,,,$8.500MM,
Ryan Pressly,Twins,2018,4.039,No,,,,$1.600MM,
Jurickson Profar,Rangers,2018,3.165,No,,,,$1.050MM,
Erasmo Ramirez,Mariners,2018,4.158,No,,,,$4.200MM,
J.C. Ramirez,Angels,2018,2.139,Yes,,,,$1.900MM,
A.J. Ramos,Mets,2018,5.03,No,,,,$9.225MM,
Robbie Ray,Diamondbacks,2018,3.007,No,,,,$3.950MM,
J.T. Realmuto,Marlins,2018,3.038,No,$3.500MM,$2.900MM,$3.200MM,$2.900MM,Team
Anthony Rendon,Nationals,2018,4.13,No,,,,$12.300MM,
Garrett Richards,Angels,2018,5.148,No,,,,$7.300MM,
Tanner Roark,Nationals,2018,4.055,No,,,,$6.475MM,
Hansel Robles,Mets,2018,2.129,Yes,,,,$0.900MM,
Carlos Rodon,White Sox,2018,2.168,Yes,,,,$2.300MM,
Eduardo Rodriguez,Red Sox,2018,2.13,Yes,,,,$2.375MM,
Miguel Rojas,Marlins,2018,3.043,No,,,,$1.180MM,
Andrew Romine,Mariners,2018,5.049,No,,,,$1.050MM,
Austin Romine,Yankees,2018,4.045,No,,,,$1.100MM,
Ryan Rua,Rangers,2018,2.129,Yes,,,,$0.870MM,
Cameron Rupp,Phillies,2018,3.089,No,,,,$2.050MM,
Chris Rusin,Rockies,2018,3.092,No,,,,$1.287MM,
Addison Russell,Cubs,2018,2.167,Yes,,,,$3.200MM,
Danny Salazar,Indians,2018,3.162,No,,,,$5.000MM,
Aaron Sanchez,Blue Jays,2018,3.069,No,,,,$2.700MM,
Yolmer Sanchez,White Sox,2018,2.134,Yes,$2.350MM,$2.100MM,$2.225MM,$2.350MM,Player
Jonathan Schoop,Orioles,2018,4.027,No,$9.000MM,$7.500MM,$8.250MM,$8.500MM,
Marcus Semien,Athletics,2018,3.118,No,,,,$3.125MM,
Matt Shoemaker,Angels,2018,3.166,No,,,,$4.125MM,
Chasen Shreve,Yankees,2018,2.167,Yes,,,,$0.825MM,
Tyler Skaggs,Angels,2018,3.135,No,,,,$1.875MM,
Carson Smith,Red Sox,2018,3.028,No,,,,$0.850MM,
Will Smith,Giants,2018,4.155,No,,,,$2.500MM,
Jake Smolinski,Athletics,2018,3.016,No,,,,$0.775MM,
Steven Souza Jr.,Rays,2018,3.072,No,,,,$3.550MM,
Cory Spangenberg,Padres,2018,3.016,No,,,,$1.700MM,
George Springer,Astros,2018,3.166,No,$10.500MM,$8.500MM,$9.500MM,Extension,
Dan Straily,Marlins,2018,3.126,No,$3.550MM,$3.375MM,$3.462MM,$3.375MM,Team
Hunter Strickland,Giants,2018,2.163,Yes,,,,$1.550MM,
Marcus Stroman,Blue Jays,2018,3.148,No,$6.900MM,$6.500MM,$6.700MM,$6.500MM,Team
Eugenio Suarez,Reds,2018,3.061,No,$4.200MM,$3.750MM,$3.975MM,$3.750MM,Team
Jesus Sucre,Rays,2018,3.137,No,,,,$0.925MM,
Noah Syndergaard,Mets,2018,2.149,Yes,,,,$2.975MM,
Matt Szczur,Padres,2018,2.134,Yes,,,,$0.950MM,
Michael Taylor,Nationals,2018,3.01,No,,,,$2.525MM,
Tyler Thornburg,Red Sox,2018,4.057,No,,,,$2.050MM,
Devon Travis,Blue Jays,2018,3,No,,,,$1.450MM,
Blake Treinen,Athletics,2018,3.065,No,,,,$2.150MM,
Christian Vazquez,Red Sox,2018,3.031,No,,,,$1.425MM,
Felipe Vazquez,Pirates,2018,2.162,Yes,$2.900MM,$2.400MM,$2.650MM,Extension,
Jonathan Villar,Brewers,2018,3.113,No,,,,$2.550MM,
Nick Vincent,Mariners,2018,4.067,No,,,,$2.750MM,
Arodys Vizcaino,Braves,2018,4.168,No,,,,$3.400MM,
Stephen Vogt,Brewers,2018,4.084,No,,,,$3.065MM,
Michael Wacha,Cardinals,2018,4.062,No,,,,$5.300MM,
Taijuan Walker,Diamondbacks,2018,3.142,No,,,,$4.825MM,
Adam Warren,Yankees,2018,5.036,No,,,,$3.315MM,
Zack Wheeler,Mets,2018,4.098,No,$1.900MM,$1.500MM,$1.700MM,$1.900MM,Player
Chase Whitley,Braves,2018,3.099,No,,,,$0.800MM,
Alex Wilson,Tigers,2018,4.038,No,,,,$1.925MM,
Justin Wilson,Cubs,2018,5.035,No,,,,$4.250MM,
Daniel Winkler,Braves,2018,3,No,,,,$0.610MM,
Alex Wood,Dodgers,2018,4.123,No,,,,$6.000MM,
Blake Wood,Angels,2018,5.131,No,,,,$1.450MM,
Brandon Workman,Red Sox,2018,3.115,No,,,,$0.835MM,
Steven Wright,Red Sox,2018,3.089,No,,,,$1.100MM,
Kirby Yates,Padres,2018,3.021,No,,,,$1.062MM,
Mike Zunino,Mariners,2018,3.165,No,,,,$2.975MM,
Jose Abreu,White Sox,2019,5,No,,,,$16.000MM,
Ehire Adrianza,Twins,2019,4.131,No,,,,$1.300MM,
Nick Ahmed,Diamondbacks,2019,4.054,No,,,,$3.663MM,
Aaron Altherr,Phillies,2019,3.028,No,,,,$1.350MM,
Jose Alvarez,Phillies,2019,4.035,No,,,,$1.925MM,
Cody Anderson,Indians,2019,3.017,No,,,,$0.6415MM,
Tyler Anderson,Rockies,2019,3.065,No,,,,$2.625MM,
Matt Andriese,Diamondbacks,2019,3.071,No,,,,$0.920MM,
Javier Baez,Cubs,2019,3.089,No,,,,$5.200MM,
Pedro Baez,Dodgers,2019,4.059,No,,,,$2.100MM,
Matt Barnes,Red Sox,2019,3.11,No,,,,$1.600MM,
Kyle Barraclough,Nationals,2019,3.059,No,$2.000MM,$1.725MM,$1.863MM,$1.725MM,Team
Trevor Bauer,Indians,2019,4.158,No,$13.000MM,$11.000MM,$12.000MM,$13.000MM,Player
Cam Bedrosian,Angels,2019,3.153,No,,,,$1.750MM,
Dellin Betances,Yankees,2019,5.078,No,,,,$7.125MM,
Chad Bettis,Rockies,2019,4.096,No,,,,$3.350MM,
Mookie Betts,Red Sox,2019,4.07,No,,,,$20.000MM,
Joe Biagini,Blue Jays,2019,2.134,Yes,,,,$0.900MM,
Greg Bird,Yankees,2019,3.053,No,,,,$1.200MM,
Xander Bogaerts,Red Sox,2019,5.042,No,,,,$12.000MM,
Matt Boyd,Tigers,2019,2.136,Yes,,,,$2.600MM,
Archie Bradley,Diamondbacks,2019,3.112,No,,,,$1.830MM,
Jackie Bradley Jr.,Red Sox,2019,4.15,No,,,,$8.550MM,
Kris Bryant,Cubs,2019,3.171,No,,,,$12.900MM,
Ryan Buchter,Athletics,2019,3.01,No,,,,$1.400MM,
Dylan Bundy,Orioles,2019,3.026,No,,,,$2.800MM,
Byron Buxton,Twins,2019,2.16,Yes,,,,$1.750MM,
Mark Canha,Athletics,2019,3.092,No,,,,$2.050MM,
Curt Casali,Reds,2019,2.151,Yes,,,,$0.950MM,
Nicholas Castellanos,Tigers,2019,5.029,No,,,,$9.950MM,
Andrew Chafin,Diamondbacks,2019,4.02,No,,,,$1.945MM,
Tony Cingrani,Dodgers,2019,5.088,No,,,,$2.650MM,
Alex Claudio,Brewers,2019,3.114,No,,,,$1.275MM,
Gerrit Cole,Astros,2019,5.111,No,$13.500MM,$11.425MM,$12.463MM,$13.500MM,Player
Alex Colome,White Sox,2019,4.118,No,,,,$7.325MM,
Michael Conforto,Mets,2019,3.043,No,,,,$4.025MM,
Adam Conley,Marlins,2019,2.147,Yes,,,,$1.125MM,
Carlos Correa,Astros,2019,3.119,No,$5.000MM,$4.250MM,$4.625MM,$5.000MM,Player
C.J. Cron,Twins,2019,4.097,No,,,,$4.800MM,
Charlie Culberson,Braves,2019,3.084,No,,,,$1.395MM,
Travis D'Arnaud,Mets,2019,5.044,No,,,,$3.515MM,
Zach Davies,Brewers,2019,3.02,No,,,,$2.600MM,
Khris Davis,Athletics,2019,5.104,No,,,,$16.500MM,
Jacob deGrom,Mets,2019,4.139,No,,,,$17.000MM,
Anthony DeSclafani,Reds,2019,4.062,No,,,,$2.125MM,
Delino DeShields Jr.,Rangers,2019,3.116,No,,,,$1.400MM,
Chris Devenski,Astros,2019,3,No,$1.650MM,$1.400MM,$1.525MM,$1.525MM,
Corey Dickerson,Pirates,2019,5.101,No,,,,$8.500MM,
Brandon Drury,Blue Jays,2019,2.165,Yes,,,,$1.300MM,
Matt Duffy,Rays,2019,4.059,No,,,,$2.675MM,
Ryan Dull,Athletics,2019,2.143,Yes,,,,$0.860MM,
Adam Duvall,Braves,2019,3.096,No,,,,$2.875MM,
Sam Dyson,Giants,2019,4.142,No,,,,$5.00MM,
Carl Edwards Jr.,Cubs,2019,2.134,Yes,,,,$1.500MM,
Jerad Eickhoff,Phillies,2019,3.045,No,,,,$0.975MM,
Roenis Elias,Mariners,2019,3.069,No,,,,$0.910MM,
Robbie Erlin,Padres,2019,4.078,No,,,,$1.450MM,
Michael Feliz,Pirates,2019,3.026,No,,,,$0.850MM,
Josh Fields,Dodgers,2019,5.083,No,,,,$2.850MM,
Brian Flynn,Royals,2019,3.086,No,,,,$0.800MM,
Michael Foltynewicz,Braves,2019,3.163,No,,,,$5.475MM,
Maikel Franco,Phillies,2019,3.17,No,,,,$5.200MM,
Samuel Freeman,Braves,2019,4.066,No,,,,$1.375MM,
Michael Fulmer,Tigers,2019,2.157,Yes,$3.400MM,$2.800MM,$3.100MM,$2.800MM,Team
Greg Garcia,Padres,2019,3.083,No,,,,$0.910MM,
Leury Garcia,White Sox,2019,4.025,No,,,,$1.550MM,
Luis Garcia,Angels,2019,4.006,No,,,,$1.675MM,
Yimi Garcia,Dodgers,2019,3.149,No,,,,$0.710MM,
Kevin Gausman,Braves,2019,4.151,No,,,,$9.350MM,
Scooter Gennett,Reds,2019,5.071,No,,,,$9.775MM,
Kyle Gibson,Twins,2019,5.039,No,,,,$8.125MM,
Ken Giles,Blue Jays,2019,4.113,No,,,,$6.300MM,
Mychal Givens,Orioles,2019,3.069,No,,,,$2.150MM,
Nick Goody,Indians,2019,2.16,Yes,,,,$0.675MM,
Jonathan Gray,Rockies,2019,3.062,No,,,,$2.935MM,
Sonny Gray,Yankees,2019,5.061,No,,,,$7.500MM,
Shane Greene,Tigers,2019,4.075,No,,,,$4.000MM,
Didi Gregorius,Yankees,2019,5.159,No,,,,$11.750MM,
Randal Grichuk,Blue Jays,2019,4.033,No,,,,$5.000MM,
Junior Guerra,Brewers,2019,2.155,Yes,,,,$2.225MM,
Jesse Hahn,Royals,2019,3.067,No,,,,$0.800MM,
Blaine Hardy,Tigers,2019,3.108,No,,,,$1.300MM,
Will Harris,Astros,2019,5.102,No,,,,$4.225MM,
Andrew Heaney,Angels,2019,3.15,No,,,,$3.400MM,
Austin Hedges,Padres,2019,2.166,Yes,,,,$2.060MM,
Heath Hembree,Red Sox,2019,3.106,No,,,,$1.312MM,
Kyle Hendricks,Cubs,2019,4.081,No,,,,$7.405MM,
Liam Hendriks,Athletics,2019,4.164,No,,,,$2.150MM,
Cesar Hernandez,Phillies,2019,4.154,No,,,,$7.750MM,
Enrique Hernandez,Dodgers,2019,4.054,No,,,,$3.725MM,
Aaron Hicks,Yankees,2019,5.041,No,,,,$6.000MM,
Brock Holt,Red Sox,2019,5.052,No,,,,$3.575MM,
Travis Jankowski,Padres,2019,2.169,Yes,,,,$1.165MM,
Tommy Kahnle,Yankees,2019,3.131,No,,,,$1.387MM,
Keone Kela,Pirates,2019,4,No,,,,$3.175MM,
Max Kepler,Twins,2019,2.152,Yes,,,,$3.125MM,
Corey Knebel,Brewers,2019,3.151,No,,,,$5.125MM,
Erik Kratz,Brewers,2019,4.156,No,,,,$1.200MM,
Tommy La Stella,Angels,2019,4.057,No,,,,$1.350MM,
Jake Lamb,Diamondbacks,2019,4.053,No,,,,$4.825MM,
Sandy Leon,Red Sox,2019,4.149,No,,,,$2.475MM,
Dominic Leone,Cardinals,2019,3.123,No,,,,$1.260MM,
Francisco Lindor,Indians,2019,3.113,No,,,,$10.850MM,
Michael Lorenzen,Reds,2019,3.159,No,,,,$1.950MM,
Sean Manaea,Athletics,2019,2.157,Yes,,,,$3.150MM,
Jake Marisnick,Astros,2019,4.132,No,,,,$2.212MM,
Leonys Martin,Indians,2019,5.161,No,,,,$3.000MM,
Steven Matz,Mets,2019,3.099,No,,,,$2.625MM,
Trevor May,Twins,2019,4.012,No,,,,$0.900MM,
Nomar Mazara,Rangers,2019,3,No,,,,$3.300MM,
Lance McCullers Jr.,Astros,2019,3.14,No,,,,$4.100MM,
T.J. McFarland,Diamondbacks,2019,4.164,No,$1.675MM,$1.275MM,$1.475MM,$1.450MM,
Collin McHugh,Astros,2019,5.085,No,,,,$5.800MM,
Bryan Mitchell,Padres,2019,3.049,No,,,,$0.900MM,
Mike Montgomery,Cubs,2019,3.089,No,,,,$2.440MM,
Adam Morgan,Phillies,2019,3.017,No,,,,$1.100MM,
Jimmy Nelson,Brewers,2019,4.107,No,,,,$3.700MM,
Hector Neris,Phillies,2019,3.068,No,,,,$1.800MM,
Aaron Nola,Phillies,2019,3.076,No,$6.700MM,$4.500MM,$5.600MM,Extension,
Daniel Norris,Tigers,2019,3.073,No,,,,$1.275MM,
Scott Oberg,Rockies,2019,3.063,No,,,,$1.300MM,
Jake Odorizzi,Twins,2019,5.042,No,,,,$9.500MM,
Roberto Osuna,Astros,2019,3.097,No,,,,$6.500MM,
Marcell Ozuna,Cardinals,2019,5.124,No,,,,$12.250MM,
Joe Panik,Giants,2019,,No,,,,$3.800MM,
James Paxton,Yankees,2019,4.151,No,,,,$8.575MM,
Brad Peacock,Astros,2019,4.165,No,,,,$3.110MM,
Joc Pederson,Dodgers,2019,4.028,No,,,,$5.000MM,
David Peralta,Diamondbacks,2019,4.12,No,,,,$7.000MM,
Jose Peraza,Reds,2019,2.141,Yes,,,,$2.775MM,
Hernan Perez,Brewers,2019,4.079,No,,,,$2.500MM,
Tommy Pham,Rays,2019,3.107,No,$4.100MM,$3.500MM,$3.800MM,$4.100MM,Player
Josh Phegley,Athletics,2019,4.087,No,,,,$1.075MM,
Kevin Pillar,Blue Jays,2019,4.113,No,,,,$5.800MM,
Manny Pina,Brewers,2019,3.046,No,,,,$1.600MM,
Kevin Plawecki,Indians,2019,2.167,Yes,,,,$1.137MM,
Ryan Pressly,Astros,2019,5.039,No,,,,$2.900MM,
Jurickson Profar,Athletics,2019,4.165,No,,,,$3.600MM,
Yasiel Puig,Reds,2019,5.102,No,,,,$9.700MM,
J.C. Ramirez,Angels,2019,3.139,No,,,,$1.901MM,
Neil Ramirez,Indians,2019,4.001,No,,,,$1.00MM,
Robbie Ray,Diamondbacks,2019,4.007,No,,,,$6.050MM,
J.T. Realmuto,Marlins,2019,4.038,No,,,,$5.900MM,
Anthony Rendon,Nationals,2019,5.13,No,,,,$18.800MM,
Tanner Roark,Reds,2019,5.055,No,,,,$10.000MM,
Hansel Robles,Angels,2019,3.119,No,,,,$1.400MM,
Carlos Rodon,White Sox,2019,3.168,No,,,,$4.200MM,
Eduardo Rodriguez,Red Sox,2019,3.13,No,,,,$4.300MM,
Chaz Roe,Rays,2019,3.094,No,,,,$1.275MM,
Taylor Rogers,Twins,2019,2.145,Yes,,,,$1.525MM,
Miguel Rojas,Marlins,2019,4.043,No,,,,$3.155MM,
Austin Romine,Yankees,2019,5.045,No,,,,$1.800MM,
Eddie Rosario,Twins,2019,3.12,No,,,,$4.190MM,
Joe Ross,Nationals,2019,3.067,No,,,,$1.000MM,
Chris Rusin,Rockies,2019,4.092,No,,,,$1.6875MM,
Addison Russell,Cubs,2019,3.167,No,,,,$3.400MM,
John Ryan Murphy,Diamondbacks,2019,3.043,No,,,,$0.900MM,
Tyler Saladino,Brewers,2019,3.053,No,,,,$0.8875MM,
Danny Salazar,Indians,2019,4.162,No,,,,$4.500MM,
Aaron Sanchez,Blue Jays,2019,4.069,No,,,,$3.900MM,
Yolmer Sanchez,White Sox,2019,3.134,No,,,,$4.625MM,
Miguel Sano,Twins,2019,3.066,No,,,,$2.650MM,
Domingo Santana,Mariners,2019,3.024,No,,,,$1.950MM,
Kyle Schwarber,Cubs,2019,3.086,No,,,,$3.390MM,
Corey Seager,Dodgers,2019,3.032,No,,,,$4.000MM,
Marcus Semien,Athletics,2019,4.118,No,,,,$5.900MM,
Luis Severino,Yankees,2019,2.17,Yes,$5.250MM,$4.400MM,$4.825MM,Extension,
Travis Shaw,Brewers,2019,3.088,No,,,,$4.675MM,
Chasen Shreve,Cardinals,2019,3.167,No,,,,$0.900MM,
Tyler Skaggs,Angels,2019,4.135,No,,,,$3.700MM,
Will Smith,Giants,2019,5.155,No,,,,$4.225MM,
Sammy Solis,Nationals,2019,3.061,No,,,,$0.850MM,
Steven Souza Jr.,Diamondbacks,2019,4.072,No,,,,$4.125MM,
Trevor Story,Rockies,2019,3,No,,,,$5.000MM,
Dan Straily,Marlins,2019,4.126,No,,,,$5.000MM,
Marcus Stroman,Blue Jays,2019,4.148,No,,,,$7.400MM,
Blake Swihart,Red Sox,2019,2.164,Yes,,,,$0.910MM,
Noah Syndergaard,Mets,2019,3.149,No,,,,$6.000MM,
Chris Taylor,Dodgers,2019,3.037,No,,,,$3.500MM,
Michael Taylor,Nationals,2019,4.01,No,$3.500MM,$3.250MM,$3.375MM,$3.250MM,Team
Ryan Tepera,Blue Jays,2019,3.008,No,$1.800MM,$1.525MM,$1.663MM,$1.525MM,Team
Tyler Thornburg,Red Sox,2019,5.057,No,,,,$1.750MM,
Devon Travis,Blue Jays,2019,3.163,No,,,,$1.925MM,
Blake Treinen,Athletics,2019,4.065,No,$6.400MM,$5.600MM,$6.000MM,$6.400MM,Player
Nick Tropeano,Angels,2019,3.068,No,,,,$1.075MM,
Trea Turner,Nationals,2019,2.135,Yes,,,,$3.725MM,
Jose Urena,Marlins,2019,3.04,No,,,,$3.200MM,
Vince Velasquez,Phillies,2019,3.086,No,,,,$2.249MM,
Jonny Venters,Braves,2019,5.159,No,,,,$2.250MM,
Jonathan Villar,Orioles,2019,4.113,No,,,,$4.825MM,
Arodys Vizcaino,Braves,2019,5.168,No,,,,$4.800MM,
Michael Wacha,Cardinals,2019,5.062,No,,,,$6.350MM,
Taijuan Walker,Diamondbacks,2019,4.142,No,,,,$5.025MM,
Zack Wheeler,Mets,2019,5.098,No,,,,$5.975MM,
Daniel Winkler,Braves,2019,4,No,,,,$1.610MM,
Tony Wolters,Rockies,2019,2.161,Yes,,,,$0.960MM,
Alex Wood,Reds,2019,5.123,No,$9.650MM,$8.700MM,$9.175MM,$9.650MM,Player
Brandon Workman,Red Sox,2019,4.051,No,,,,$1.150MM,
Steven Wright,Red Sox,2019,4.087,No,,,,$1.375MM,
Kirby Yates,Padres,2019,4.021,No,,,,$3.062MM,
Mike Zunino,Rays,2019,4.165,No,,,,$4.412MM,
